Country,Year,Status,Adult Mortality,infant deaths,Alcohol, BMI ,under-five deaths ,Polio, HIV/AIDS,GDP,Population,Income composition of resources,Predicted Life Expectancy
Syrian Arab Republic,2006,Developing,123.0,8,0.97,48.5,10,83.0,0.1,1762.24617,18914977.0,0.636,72.3518709616805
Croatia,2006,Developed,113.0,0,11.83,58.1,0,96.0,0.1,11363.41845,444.0,0.783,75.78217733044225
Montenegro,2007,Developing,125.0,0,4.98,57.2,0,92.0,0.1,5957.145693,615875.0,0.762,75.21508056914688
Bahrain,2014,Developing,7.0,0,1.57,62.9,0,98.0,0.1,24983.3792,615875.0,0.82,77.13500942324723
Kenya,2000,Developing,428.0,77,1.51,14.4,121,8.0,18.1,43.9797132,3145483.0,0.448,49.39824635729824
Chad,2008,Developing,394.0,46,0.45,16.4,80,3.0,4.7,929.772391,11133861.0,0.338,52.482931785147485
Solomon Islands,2005,Developing,24.0,0,0.9,42.1,0,9.0,0.1,88.874858,469885.0,0.465,65.22453669032085
Peru,2008,Developing,138.0,11,4.85,5.8,14,93.0,0.3,428.87811,2864198.0,0.7,75.064630764441
Bosnia and Herzegovina,2014,Developing,89.0,0,4.03,55.3,0,86.0,0.1,5193.94932,35662.0,0.742,77.49590516610054
Swaziland,2011,Developing,438.0,2,5.2,3.2,3,85.0,15.7,3934.27325,1225258.0,0.526,55.37083237094899
Cameroon,2000,Developing,394.0,62,3.91,2.9,100,57.0,7.7,68.414399,15274234.0,0.433,50.9676995423036
Côte d'Ivoire,2015,Developing,397.0,57,3.91,28.0,79,81.0,1.9,68.414399,15274234.0,0.433,50.06944669301528
Guinea,2011,Developing,29.0,28,0.22,21.2,43,63.0,2.0,459.2912,113517.0,0.385,55.472960905509325
Maldives,2006,Developing,88.0,0,1.62,18.7,0,98.0,0.1,4428.522898,333.0,0.622,73.1197034017502
Uzbekistan,2013,Developing,185.0,17,0.01,43.0,19,99.0,0.1,197.551233,32432.0,0.681,70.023383403967
Haiti,2009,Developing,251.0,16,5.85,43.0,21,65.0,2.0,668.297646,985287.0,0.466,63.198316159704
Madagascar,2000,Developing,283.0,44,1.16,13.9,68,58.0,0.6,245.939659,1576686.0,0.0,58.28720358441965
Germany,2004,Developed,86.0,3,11.83,57.1,3,96.0,0.1,34165.9343,8251626.0,0.877,79.51066221646008
Dominican Republic,2000,Developing,176.0,7,6.58,43.1,9,71.0,2.5,282.4242,8562622.0,0.651,71.28621049174245
Norway,2001,Developed,82.0,0,5.49,54.0,0,91.0,0.1,38549.58934,4513751.0,0.917,77.70039274989443
Netherlands,2004,Developed,77.0,1,9.56,55.0,1,98.0,0.1,39954.64222,16281779.0,0.885,80.49529927845614
New Zealand,2011,Developed,72.0,0,9.47,65.3,0,95.0,0.1,38426.5581,16281779.0,0.901,84.2095951963839
Nicaragua,2009,Developing,163.0,3,3.36,49.4,3,99.0,0.2,1464.497754,5666581.0,0.613,72.17536239972645
Micronesia (Federated States of),2001,Developing,183.0,0,2.82,62.0,0,79.0,0.1,1464.497754,5666581.0,0.604,69.28521683113887
Belize,2015,Developing,175.0,0,2.82,5.9,0,94.0,0.2,4849.997495,359288.0,0.706,72.20002945874602
Dominican Republic,2004,Developing,214.0,7,5.16,47.2,8,66.0,2.1,2421.9662,912998.0,0.666,69.82309830639218
Sierra Leone,2015,Developing,413.0,22,5.16,24.4,30,86.0,0.5,587.538233,723725.0,0.431,55.594916511670505
Bhutan,2007,Developing,238.0,1,0.16,18.0,1,93.0,0.3,1741.142552,686958.0,0.0,64.5608656538451
Norway,2013,Developed,62.0,0,6.21,6.3,0,94.0,0.1,1291.435,579623.0,0.942,82.38235515015201
Nicaragua,2014,Developing,148.0,2,3.55,53.2,3,99.0,0.1,1975.46477,613997.0,0.636,74.06899229995564
Philippines,2005,Developing,223.0,65,4.22,2.1,84,9.0,0.1,1194.697155,86274237.0,0.642,66.55924306967972
Georgia,2007,Developing,12.0,1,8.65,49.9,1,88.0,0.1,2492.12878,482.0,0.722,75.1503628048756
Bosnia and Herzegovina,2004,Developing,99.0,0,4.25,49.9,0,87.0,0.1,265.642661,3781287.0,0.0,76.06728841492819
Honduras,2004,Developing,165.0,5,3.02,42.0,7,94.0,1.2,1217.657961,724153.0,0.571,72.31920870870158
Luxembourg,2003,Developed,92.0,0,12.61,55.8,0,99.0,0.1,65445.8853,45163.0,0.865,78.7621717443335
Mozambique,2001,Developing,48.0,90,2.09,16.9,132,72.0,13.4,256.4414872,18588758.0,0.298,48.53826940098076
Uganda,2014,Developing,38.0,68,0.01,18.1,97,82.0,3.2,719.172669,38833338.0,0.483,61.21198284826789
Tonga,2000,Developing,158.0,0,1.24,65.5,0,91.0,0.1,263.27236,9882.0,0.676,73.35545971146757
Turkmenistan,2004,Developing,238.0,6,2.86,4.0,8,98.0,0.1,1453.917166,473398.0,0.0,63.357682717456655
Jordan,2007,Developing,12.0,4,0.6,59.3,4,98.0,0.1,2762.86354,6193191.0,0.736,74.06084242813586
Togo,2000,Developing,339.0,14,1.1,16.6,22,63.0,5.1,26.3932935,497367.0,0.425,55.516246947059116
Togo,2012,Developing,294.0,14,0.01,22.6,21,84.0,1.7,563.6894247,6859482.0,0.464,61.55021854100003
United Arab Emirates,2004,Developing,95.0,1,1.77,57.0,1,94.0,0.1,36161.1761,6859482.0,0.813,75.1090759041307
Australia,2003,Developed,71.0,1,9.97,6.3,1,92.0,0.1,23465.38559,198954.0,0.905,81.78391879178572
Uruguay,2012,Developing,118.0,0,5.77,62.3,0,95.0,0.1,1592.6819,3396777.0,0.784,76.29739204046011
Central African Republic,2006,Developing,56.0,17,1.54,18.6,26,47.0,10.0,347.673678,421758.0,0.323,49.093203150415526
Italy,2002,Developed,72.0,2,9.25,56.4,3,96.0,0.1,22196.5736,57597.0,0.836,81.5423728966744
Maldives,2007,Developing,82.0,0,1.78,19.5,0,98.0,0.1,52.862285,349.0,0.632,72.38706654487234
Burkina Faso,2013,Developing,27.0,40,4.64,18.2,66,89.0,0.7,699.452847,1772723.0,0.392,62.85720061774657
Bangladesh,2013,Developing,135.0,104,0.01,17.0,130,96.0,0.1,951.8894535,157571292.0,0.565,72.56556286529258
Somalia,2002,Developing,348.0,47,0.01,18.6,77,4.0,0.9,951.8894535,157571292.0,0.565,55.539216555800664
Saint Lucia,2000,Developing,183.0,0,11.69,36.8,0,7.0,0.4,951.8894535,157571292.0,0.0,71.86478501333664
Greece,2009,Developing,78.0,0,9.08,63.1,0,99.0,0.1,2971.973,111717.0,0.857,81.83433470995959
Republic of Korea,2007,Developing,77.0,2,9.05,28.2,2,91.0,0.1,2971.973,111717.0,0.857,82.79511639973713
Lebanon,2008,Developing,98.0,1,1.67,62.5,1,75.0,0.1,712.775759,411147.0,0.74,74.56024997635282
Uganda,2011,Developing,347.0,76,10.22,16.7,114,82.0,6.8,584.3962137,3593648.0,0.477,57.06422127865373
Lithuania,2012,Developed,176.0,0,15.14,6.9,0,93.0,0.1,14341.836,2987773.0,0.83,72.56650427855223
Maldives,2008,Developing,81.0,0,1.76,2.3,0,98.0,0.1,5828.621374,362.0,0.641,72.95216660382873
Timor-Leste,2005,Developing,26.0,3,0.36,13.5,3,55.0,0.1,478.331859,126484.0,0.492,62.79567593511448
Bangladesh,2011,Developing,14.0,118,0.01,15.8,150,96.0,0.1,835.789341,153911916.0,0.545,68.83175404137963
United States of America,2007,Developed,11.0,27,8.74,65.1,32,93.0,0.1,835.789341,153911916.0,0.545,78.08721106679722
Togo,2001,Developing,345.0,14,0.95,17.1,22,51.0,5.3,26.6394652,511177.0,0.426,54.24007512321577
Iran (Islamic Republic of),2011,Developing,93.0,22,0.03,54.8,25,99.0,0.1,26.6394652,511177.0,0.745,72.66015193531666
Cabo Verde,2006,Developing,129.0,0,4.25,24.9,0,97.0,0.6,234.28992,48795.0,0.596,74.59370698988133
Guinea,2001,Developing,336.0,36,0.17,16.9,58,52.0,3.0,315.83983,8971139.0,0.322,52.41201315145735
South Africa,2008,Developing,473.0,50,8.19,45.7,75,77.0,23.5,5786.59972,49557573.3,0.616,57.139718614802135
Burundi,2001,Developing,385.0,25,6.09,13.0,40,72.0,5.3,133.7427689,6555829.0,0.268,53.616108055882236
Croatia,2012,Developed,14.0,0,11.49,61.9,0,96.0,0.1,13235.97757,4267558.0,0.815,76.1580255920249
Eritrea,2007,Developing,329.0,6,1.23,14.7,9,91.0,1.3,317.3294336,4153332.0,0.405,61.74333716897846
Lithuania,2004,Developed,24.0,0,12.1,58.1,0,9.0,0.1,676.966998,337775.0,0.792,72.13712990821313
France,2008,Developing,88.0,3,11.9,59.1,3,98.0,0.1,45413.6571,6437499.0,0.877,82.07098293344723
Chile,2004,Developing,97.0,2,6.32,56.8,2,94.0,0.1,621.828325,15973778.0,0.781,77.54478032136882
Jordan,2011,Developing,116.0,4,0.43,62.4,4,98.0,0.1,387.324145,7574943.0,0.737,74.73759532860203
Angola,2012,Developing,358.0,72,8.24,21.5,110,75.0,2.6,4598.249988,259615.0,0.508,51.05943508422413
Mozambique,2015,Developing,355.0,60,8.24,22.6,81,8.0,3.9,528.3125597,281691.0,0.414,54.12790314650186
Republic of Moldova,2003,Developing,226.0,1,8.15,47.6,1,98.0,0.1,528.3125597,281691.0,0.414,66.92811270702319
Yemen,2010,Developing,233.0,35,0.06,37.2,45,77.0,0.1,528.3125597,281691.0,0.488,63.41068407874028
Bahrain,2013,Developing,7.0,0,1.65,62.2,0,99.0,0.1,251.18329,281691.0,0.815,76.10293430456973
Cambodia,2001,Developing,273.0,25,1.71,12.4,33,59.0,2.2,321.22634,1242473.0,0.412,57.94390726755469
Suriname,2004,Developing,214.0,0,4.55,5.4,0,84.0,0.9,36.48773,49363.0,0.0,60.67645542038193
Madagascar,2011,Developing,241.0,31,0.97,18.5,43,73.0,0.4,454.963464,21743949.0,0.504,62.91433945679682
Senegal,2006,Developing,236.0,23,0.34,19.9,38,89.0,0.7,89.838296,11556763.0,0.422,59.614736727054314
Mongolia,2002,Developing,263.0,2,2.43,39.8,2,98.0,0.1,571.51883,2443659.0,0.599,64.81827561416456
Nepal,2003,Developing,22.0,38,0.2,12.9,50,76.0,0.1,253.72412,2495623.0,0.457,62.88187897735371
Cabo Verde,2000,Developing,155.0,0,3.49,21.5,0,9.0,0.8,1239.377855,43579.0,0.0,58.590094175975615
Ireland,2005,Developed,78.0,0,13.31,55.1,0,9.0,0.1,5886.82789,4159914.0,0.889,80.50541181505288
Saudi Arabia,2004,Developing,12.0,9,0.06,59.4,11,96.0,0.1,11138.8746,4159914.0,0.754,73.21678652240105
Philippines,2003,Developing,217.0,67,4.44,19.2,87,85.0,0.1,11.553196,8331954.0,0.631,66.70981141547284
Latvia,2006,Developed,229.0,0,10.4,57.4,0,96.0,0.1,9667.9757,2218357.0,0.807,72.1523465197294
Greece,2005,Developing,81.0,0,9.95,6.5,1,96.0,0.1,22551.73574,1987314.0,0.839,80.25520633304369
Serbia,2001,Developing,135.0,1,7.53,51.7,1,93.0,0.1,1634.87561,753433.0,0.709,73.90500895780123
Uganda,2006,Developing,41.0,93,9.81,14.8,145,62.0,8.6,336.4593923,2955662.0,0.434,54.782220247614035
Peru,2006,Developing,134.0,12,4.22,49.5,15,94.0,0.4,3171.49856,27949944.0,0.693,74.30490607493176
Montenegro,2015,Developing,16.0,0,4.22,61.8,0,89.0,0.1,6461.192554,622159.0,0.804,77.05386491859421
Antigua and Barbuda,2012,Developing,134.0,0,8.18,45.7,0,97.0,0.2,12565.44197,622159.0,0.778,74.08357485028354
Egypt,2000,Developing,171.0,65,0.14,5.7,82,98.0,0.1,12565.44197,622159.0,0.606,68.42273431027935
Slovakia,2015,Developed,19.0,0,0.14,59.1,0,96.0,0.1,12565.44197,622159.0,0.842,78.5597125985909
Egypt,2008,Developing,172.0,54,0.24,55.5,65,97.0,0.1,12565.44197,622159.0,0.651,71.69881618946474
Guyana,2008,Developing,218.0,1,7.32,4.9,1,93.0,0.8,2576.124957,746314.0,0.618,67.37107986220869
Myanmar,2000,Developing,243.0,73,0.35,13.6,100,88.0,0.4,193.187484,4695462.0,0.417,62.11599727793117
Norway,2005,Developed,73.0,0,6.37,56.5,0,91.0,0.1,66775.3944,4623291.0,0.929,82.0411787420977
Chad,2015,Developing,356.0,46,6.37,19.1,77,52.0,2.8,777.248751,149413.0,0.394,51.520465962238234
China,2008,Developing,97.0,266,4.27,26.5,308,99.0,0.1,3471.247547,1324655.0,0.672,75.92551445104614
Guinea,2000,Developing,328.0,37,0.17,16.6,60,47.0,3.0,34.516918,888546.0,0.316,51.97611115105614
Tunisia,2014,Developing,12.0,3,1.39,6.2,3,98.0,0.1,4271.68172,1114398.0,0.722,75.36189749520742
Canada,2004,Developing,77.0,2,7.8,6.6,2,91.0,0.1,31979.87195,31995.0,0.881,81.63158337176853
Micronesia (Federated States of),2014,Developing,164.0,0,1.58,68.7,0,76.0,0.1,31979.87195,31995.0,0.639,69.08090729632572
Bangladesh,2004,Developing,158.0,185,0.01,12.0,247,88.0,0.1,46.7579167,14137489.0,0.491,65.58379530215632
Haiti,2003,Developing,3.0,18,6.64,36.5,25,56.0,4.6,329.782946,8976552.0,0.447,57.74085486204829
Kenya,2015,Developing,249.0,54,6.64,22.0,75,83.0,2.8,1349.97144,47236259.0,0.55,62.36193304379823
Bolivia (Plurinational State of),2001,Developing,238.0,14,2.2,43.3,19,71.0,0.1,1349.97144,47236259.0,0.607,64.7415097764533
Lao People's Democratic Republic,2004,Developing,252.0,12,3.53,14.4,16,46.0,0.2,1349.97144,47236259.0,0.485,61.92897264277266
Namibia,2003,Developing,471.0,3,5.28,26.5,4,82.0,24.7,2482.36862,1986535.0,0.554,53.5632166478734
India,2009,Developing,2.0,1300,2.5,15.4,1700,73.0,0.2,19.317765,121427132.0,0.563,66.92926853168782
India,2005,Developing,211.0,1500,1.27,13.5,2000,65.0,0.3,77.819,1144118674.0,0.526,65.22776530295492
Chile,2002,Developing,11.0,2,6.06,55.4,3,97.0,0.1,4463.545867,15623635.0,0.768,77.30032857152753
Uganda,2008,Developing,41.0,84,9.79,15.6,130,69.0,8.2,449.6928183,31663896.0,0.453,57.206844898956746
Liberia,2002,Developing,371.0,13,4.27,2.7,19,51.0,3.1,177.285187,362863.0,0.376,50.27843751340872
Democratic Republic of the Congo,2009,Developing,292.0,238,2.13,18.6,323,78.0,1.7,177.285187,362863.0,0.376,56.46730532605873
Yemen,2008,Developing,238.0,37,0.04,35.7,47,78.0,0.1,177.285187,362863.0,0.48,62.437054708090784
Pakistan,2007,Developing,178.0,367,0.03,2.1,459,75.0,0.1,95.4327931,16332974.0,0.505,64.77204451005385
Suriname,2014,Developing,178.0,0,6.32,57.7,0,85.0,0.4,9564.46383,547928.0,0.722,72.89224421010324
Sweden,2013,Developed,57.0,0,7.3,58.5,0,98.0,0.1,6283.24522,96379.0,0.904,82.6680280673802
Ghana,2002,Developing,31.0,42,1.6,2.7,63,8.0,3.5,39.484473,19924522.0,0.484,55.71233693399192
Sudan,2000,Developing,284.0,71,1.76,2.7,109,62.0,0.1,361.35843,2725535.0,0.394,57.344368038654515
Cambodia,2008,Developing,199.0,16,2.24,15.3,18,91.0,0.7,745.7877873,138859.0,0.511,64.85174954629862
Iran (Islamic Republic of),2003,Developing,154.0,29,0.01,46.9,35,99.0,0.1,745.7877873,138859.0,0.679,73.42656073989255
Namibia,2011,Developing,268.0,3,7.84,32.5,4,85.0,4.7,56.971392,2215621.0,0.612,62.81489010691282
Saint Vincent and the Grenadines,2014,Developing,157.0,0,7.01,53.1,0,97.0,0.1,56.971392,2215621.0,0.72,73.5666945017216
Mauritius,2007,Developing,161.0,0,3.24,29.1,0,96.0,0.1,6574.654338,123963.0,0.72,72.09675281923629
Brazil,2013,Developing,146.0,46,7.24,54.5,52,96.0,0.1,12216.9446,2248632.0,0.734,74.41526366988938
Canada,2013,Developing,67.0,2,8.2,65.8,2,91.0,0.1,52413.72116,35155451.0,0.909,82.73007697792218
Montenegro,2002,Developing,136.0,0,0.01,53.5,0,91.0,0.1,216.243274,69828.0,0.0,69.49517152387656
Kyrgyzstan,2000,Developing,225.0,4,2.13,35.6,5,99.0,0.1,216.243274,69828.0,0.586,66.95793025735385
Niger,2003,Developing,28.0,56,0.1,14.6,121,44.0,1.6,215.8548,1265687.0,0.266,50.382646121184166
Turkmenistan,2015,Developing,215.0,6,0.1,48.6,7,99.0,0.1,6432.668768,5565284.0,0.688,69.02050348808233
Bahrain,2007,Developing,77.0,0,2.0,57.6,0,97.0,0.1,2977.1153,5565284.0,0.813,75.98164217632105
Cyprus,2003,Developed,66.0,0,10.62,54.3,0,98.0,0.1,2293.4789,993563.0,0.815,79.4717634801971
United Arab Emirates,2006,Developing,89.0,1,1.74,55.8,1,94.0,0.1,42372.22166,993563.0,0.823,75.38236475402256
Algeria,2015,Developing,19.0,21,1.74,59.5,24,95.0,0.1,4132.76292,39871528.0,0.743,74.792120674738
Iraq,2010,Developing,145.0,32,0.19,55.8,39,74.0,0.1,452.74948,376271.0,0.646,73.35520362588285
Lao People's Democratic Republic,2014,Developing,199.0,8,0.01,2.9,11,88.0,0.2,452.74948,376271.0,0.573,66.92899700763604
Mauritania,2010,Developing,214.0,8,0.01,27.4,12,52.0,1.2,123.383675,369543.0,0.484,63.02372331773089
Liberia,2014,Developing,329.0,8,0.01,26.7,11,49.0,0.9,458.4651734,439737.0,0.426,59.76080218450065
Côte d'Ivoire,2004,Developing,472.0,64,3.08,21.5,91,76.0,6.5,458.4651734,439737.0,0.426,48.32915091103471
Turkmenistan,2008,Developing,235.0,6,2.4,42.7,8,96.0,0.1,394.467675,4935762.0,0.0,64.92166933515144
Montenegro,2000,Developing,144.0,0,0.01,51.9,0,96.0,0.1,1627.42893,6495.0,0.0,71.10254666392206
Grenada,2013,Developing,144.0,0,8.25,46.5,0,98.0,0.1,7955.615985,6495.0,0.746,73.89629071093707
Kenya,2011,Developing,278.0,60,1.8,19.5,86,97.0,3.4,987.4453967,42486839.0,0.53,60.704264320048786
Chile,2005,Developing,93.0,2,7.57,57.4,2,92.0,0.1,7615.3468,1614764.0,0.79,77.61392391950243
Poland,2008,Developed,14.0,2,11.4,57.2,3,96.0,0.1,141.44688,38125759.0,0.813,76.01061424020789
Canada,2005,Developing,76.0,2,8.0,61.3,2,93.0,0.1,36189.58838,32312.0,0.886,82.43262080375882
Uzbekistan,2004,Developing,183.0,24,1.59,37.0,29,99.0,0.3,465.1198869,2586435.0,0.613,67.06380326579502
United Republic of Tanzania,2014,Developing,34.0,86,0.01,23.2,121,97.0,1.4,465.1198869,2586435.0,0.613,57.79547428748865
Spain,2006,Developed,73.0,2,11.86,61.1,2,98.0,0.1,28482.6948,44397319.0,0.844,82.66107583229336
Czechia,2009,Developed,12.0,0,13.23,63.1,0,99.0,0.1,28482.6948,44397319.0,0.844,77.83972155412863
France,2013,Developing,81.0,3,11.1,61.6,3,99.0,0.1,42554.1225,6599857.0,0.887,83.0957451983716
Samoa,2005,Developing,16.0,0,3.63,69.7,0,55.0,0.1,2571.262348,179929.0,0.671,75.8746799760259
Austria,2002,Developed,9.0,0,12.5,51.2,0,82.0,0.1,26351.37568,881957.0,0.847,78.90857167046937
Malta,2012,Developed,58.0,0,7.67,68.4,0,99.0,0.1,2193.8836,419455.0,0.821,80.50259234801699
Samoa,2013,Developing,131.0,0,0.01,73.8,0,62.0,0.1,4219.65123,19757.0,0.7,72.8933060353911
France,2005,Developing,93.0,3,12.2,57.5,4,98.0,0.1,34879.72633,63179356.0,0.86,80.1076396422514
Guatemala,2002,Developing,21.0,16,2.41,41.7,20,82.0,0.3,171.771491,1228848.0,0.553,65.30326267189433
Japan,2003,Developed,7.0,3,7.83,23.4,5,97.0,0.1,3488.3992,127718.0,0.863,81.75500544949821
Syrian Arab Republic,2007,Developing,121.0,8,0.83,49.4,9,83.0,0.1,258.3529,1963286.0,0.644,72.5178926000855
Senegal,2010,Developing,212.0,21,0.28,21.7,32,76.0,0.4,11.631377,12916229.0,0.449,64.62701393831945
Haiti,2004,Developing,32.0,18,6.1,37.5,24,58.0,4.3,387.9429725,9119178.0,0.45,61.1092426887194
Norway,2009,Developed,67.0,0,6.68,58.5,0,94.0,0.1,817.77681,4828726.0,0.936,83.33433670152898
Estonia,2014,Developing,122.0,0,0.01,59.4,0,93.0,0.1,19941.45532,1314545.0,0.86,77.04942918167927
Samoa,2000,Developing,18.0,0,3.0,65.6,0,94.0,0.1,154.68923,17461.0,0.64,71.52932197102811
Norway,2012,Developed,61.0,0,6.21,59.8,0,95.0,0.1,11563.727,518573.0,0.941,82.32897400797577
Jordan,2008,Developing,119.0,4,0.61,6.1,4,98.0,0.1,3385.69665,6489822.0,0.739,72.98323286350123
Bahamas,2000,Developing,192.0,0,12.15,54.4,0,91.0,0.1,3385.69665,6489822.0,0.0,72.42067467909962
Zimbabwe,2015,Developing,336.0,22,12.15,31.8,32,88.0,6.2,118.69383,15777451.0,0.507,58.46141866350587
Iran (Islamic Republic of),2002,Developing,142.0,31,0.01,46.2,37,99.0,0.1,118.69383,15777451.0,0.674,73.6307161612362
Solomon Islands,2001,Developing,227.0,0,0.7,38.7,0,88.0,0.1,944.81684,423853.0,0.442,66.40959980061477
Algeria,2003,Developing,146.0,20,0.34,47.0,23,87.0,0.1,294.33556,3243514.0,0.663,72.61573852139192
Sao Tome and Principe,2000,Developing,224.0,0,5.07,2.7,0,87.0,1.5,294.33556,13866.0,0.488,64.27965480000725
Guinea-Bissau,2002,Developing,35.0,5,2.47,18.5,8,61.0,4.1,321.481324,1293523.0,0.0,54.05661855516566
Democratic People's Republic of Korea,2015,Developing,139.0,6,2.47,32.9,7,99.0,0.1,321.481324,1293523.0,0.0,70.04907952609437
Germany,2008,Developed,8.0,2,11.36,59.0,3,95.0,0.1,45699.19832,821197.0,0.903,82.18255022664344
Thailand,2001,Developing,194.0,17,5.92,19.4,20,97.0,0.8,1893.145377,63543322.0,0.649,70.26093857277223
Belgium,2004,Developed,91.0,1,12.05,59.8,1,96.0,0.1,35589.71295,1421137.0,0.88,79.18573822160101
Turkey,2010,Developing,116.0,21,1.49,61.9,25,97.0,0.1,1672.5693,72326914.0,0.715,75.015235741528
Belgium,2009,Developed,85.0,0,10.05,61.6,1,98.0,0.1,4488.5615,1796493.0,0.876,80.06717869403303
Zimbabwe,2003,Developing,715.0,26,4.06,26.7,41,7.0,36.7,453.3511552,12633897.0,0.418,44.30838092623591
Bhutan,2005,Developing,254.0,1,0.73,16.7,1,95.0,0.3,1247.61392,656639.0,0.0,64.53739050736525
Ethiopia,2000,Developing,391.0,253,0.88,12.3,404,55.0,5.0,123.876257,66537331.0,0.0,52.68597367091388
El Salvador,2002,Developing,24.0,3,2.97,47.0,4,81.0,0.4,248.4125,59433.0,0.621,68.33694269775371
Bulgaria,2006,Developed,161.0,1,10.39,6.3,1,96.0,0.1,4513.13628,76122.0,0.75,72.28587818440211
Togo,2013,Developing,287.0,14,0.01,23.1,20,84.0,1.5,579.43485,742948.0,0.47,61.10023588121885
Solomon Islands,2012,Developing,184.0,0,0.01,48.1,0,99.0,0.1,1858.689868,551531.0,0.505,70.3166759670075
Poland,2014,Developed,12.0,2,10.71,61.1,2,94.0,0.1,14341.675,3811735.0,0.85,80.9443141571961
Comoros,2005,Developing,266.0,2,0.24,19.2,2,67.0,0.1,621.93372,611627.0,0.434,61.763433869037
Czechia,2011,Developed,97.0,0,12.43,64.0,0,99.0,0.1,621.93372,611627.0,0.434,78.45984550066127
Bhutan,2014,Developing,216.0,0,0.01,23.6,1,98.0,0.5,2522.7968,776448.0,0.596,69.29304736017426
Malaysia,2014,Developing,126.0,4,0.52,39.5,4,97.0,0.1,11183.96191,322817.0,0.783,74.72185640520273
Iraq,2015,Developing,182.0,32,0.52,59.1,38,63.0,0.1,4974.2693,36115649.0,0.649,72.62535519904803
Cyprus,2009,Developed,6.0,0,10.8,57.3,0,99.0,0.1,3215.8159,19876.0,0.849,79.94243631026708
Albania,2001,Developing,14.0,1,4.25,46.0,1,97.0,0.1,1326.97339,36173.0,0.662,74.08891243673564
Romania,2002,Developed,178.0,4,9.62,52.4,5,98.0,0.1,2124.873613,2173496.0,0.714,73.80805419008453
Uganda,2010,Developing,362.0,79,10.03,16.3,119,79.0,8.0,594.9972557,33915133.0,0.473,57.735112061042926
Panama,2003,Developing,126.0,1,5.52,48.6,2,95.0,0.1,4267.13578,329174.0,0.728,75.07767385647448
Egypt,2007,Developing,171.0,55,0.21,54.8,65,98.0,0.1,4267.13578,329174.0,0.644,71.38408304951126
Pakistan,2010,Developing,172.0,372,0.04,21.9,461,82.0,0.1,14.142268,1756182.0,0.521,65.29759751247529
Nigeria,2004,Developing,47.0,563,9.76,18.8,907,43.0,5.4,648.815852,135393616.0,0.445,50.70898560447936
Turkey,2011,Developing,114.0,20,1.53,62.8,23,97.0,0.1,11341.13395,7349455.0,0.737,74.1035102598202
Solomon Islands,2011,Developing,186.0,0,0.99,47.2,0,99.0,0.1,1642.837974,539614.0,0.497,69.56913439139741
Iran (Islamic Republic of),2005,Developing,139.0,27,0.01,48.5,32,95.0,0.1,1642.837974,539614.0,0.687,73.2297404642165
Italy,2011,Developed,6.0,2,6.98,61.5,2,96.0,0.1,38334.68477,59379449.0,0.872,82.9402864816525
Djibouti,2009,Developing,279.0,1,0.49,31.7,2,89.0,3.2,1253.657431,83684.0,0.436,60.200210343778195
Côte d'Ivoire,2011,Developing,419.0,60,3.13,25.6,83,58.0,3.3,1253.657431,83684.0,0.436,50.274110520161386
Bahamas,2013,Developing,172.0,0,9.42,63.2,0,97.0,0.1,1253.657431,83684.0,0.79,73.40800306676489
South Sudan,2002,Developing,382.0,30,9.42,63.2,48,97.0,3.3,1253.657431,7237276.0,0.0,52.75535196688201
Senegal,2002,Developing,252.0,25,0.36,18.3,47,6.0,0.7,513.26227,1396861.0,0.397,58.1040155450724
Sudan,2010,Developing,243.0,62,1.77,18.3,92,9.0,0.3,1476.47887,34385963.0,0.461,63.75684280079694
Timor-Leste,2007,Developing,173.0,2,0.05,14.2,3,7.0,0.1,524.8959363,164973.0,0.541,66.63491197948042
Bosnia and Herzegovina,2011,Developing,92.0,0,4.64,53.7,0,89.0,0.1,55.156834,3688865.0,0.711,77.3679323882838
Guinea-Bissau,2015,Developing,275.0,4,4.64,26.3,6,87.0,3.2,596.8717189,177526.0,0.421,59.738375804539956
Timor-Leste,2009,Developing,165.0,2,0.09,15.1,3,78.0,0.1,757.3114436,19221.0,0.599,67.35001437967655
Czechia,2013,Developed,9.0,0,12.45,65.1,0,99.0,0.1,757.3114436,19221.0,0.599,77.69006834340252
Antigua and Barbuda,2006,Developing,145.0,0,8.93,42.0,0,99.0,0.1,12724.39377,19221.0,0.773,74.18526396670615
Republic of Korea,2004,Developing,89.0,3,9.18,26.7,3,9.0,0.1,12724.39377,19221.0,0.773,77.61574864221424
Denmark,2006,Developed,93.0,0,11.02,55.4,0,93.0,0.1,5226.99311,5437272.0,0.902,77.7850813190643
Barbados,2012,Developing,12.0,0,8.61,52.2,0,88.0,0.1,15384.8749,5437272.0,0.785,75.55273874860754
Uganda,2002,Developing,523.0,112,10.42,13.6,181,57.0,10.0,24.2423229,2571848.0,0.404,47.91328697257536
Angola,2000,Developing,48.0,97,1.85,15.4,160,3.0,2.0,555.2969419,1644924.0,0.382,48.91350799251295
Paraguay,2011,Developing,15.0,3,5.79,47.1,3,84.0,0.1,3988.11894,6293783.0,0.675,75.50678075425449
Burkina Faso,2005,Developing,313.0,48,4.88,14.2,89,94.0,2.3,46.998871,1342193.0,0.0,56.921855335705985
Suriname,2001,Developing,219.0,0,4.23,48.3,0,65.0,1.8,1598.77512,47774.0,0.0,62.13288383161162
Algeria,2002,Developing,145.0,20,0.36,46.1,23,86.0,0.1,1774.33673,3199546.0,0.653,72.3675069199997
Jamaica,2014,Developing,133.0,1,3.83,53.5,1,93.0,0.5,4855.743789,286287.0,0.727,74.36554764370614
Kiribati,2000,Developing,222.0,0,0.46,67.9,0,9.0,0.1,796.7937634,8446.0,0.0,65.56315143477332
Georgia,2014,Developing,125.0,1,6.13,55.3,1,91.0,0.1,4429.6575,3727.0,0.759,75.53507979902088
Tonga,2001,Developing,157.0,0,1.35,66.2,0,91.0,0.1,1837.977391,98611.0,0.674,71.8228532477544
Lesotho,2014,Developing,522.0,4,0.01,32.0,6,9.0,9.4,1174.839214,2145785.0,0.491,55.06189518207904
Argentina,2015,Developing,116.0,8,0.01,62.8,9,93.0,0.1,13467.1236,43417765.0,0.826,75.79492494260676
New Zealand,2001,Developed,83.0,0,8.75,59.6,0,82.0,0.1,13882.85683,43417765.0,0.868,79.11501532129768
Mozambique,2003,Developing,424.0,85,1.68,17.7,124,67.0,15.3,283.8911588,19716598.0,0.318,50.17568239824337
Mexico,2010,Developing,127.0,35,5.21,6.1,40,95.0,0.1,8959.581416,117318941.0,0.739,75.62945447248818
Argentina,2002,Developing,138.0,12,7.81,55.1,13,94.0,0.1,2579.193168,3788937.0,0.776,73.62420207395247
Guatemala,2012,Developing,189.0,11,2.02,48.6,13,94.0,0.4,3299.65139,1527156.0,0.616,71.67886485106236
Saint Vincent and the Grenadines,2015,Developing,156.0,0,2.02,54.1,0,97.0,0.1,3299.65139,1527156.0,0.72,73.36514049599471
San Marino,2013,Developing,156.0,0,0.01,54.1,0,69.0,0.1,3299.65139,1527156.0,0.72,73.27250397156902
Equatorial Guinea,2015,Developing,32.0,3,0.01,24.5,4,17.0,4.2,1347.31257,1175389.0,0.582,61.947268537012434
Burkina Faso,2004,Developing,323.0,49,4.54,13.7,91,83.0,2.5,371.323865,133569.0,0.0,53.87625707066417
Netherlands,2012,Developed,62.0,1,9.05,6.5,1,97.0,0.1,49474.7561,16754962.0,0.921,83.62121309610433
Latvia,2007,Developed,221.0,0,12.12,57.7,0,94.0,0.1,1444.1589,22325.0,0.814,72.88106489499955
Croatia,2005,Developed,116.0,0,11.59,57.5,0,96.0,0.1,1224.2459,4442.0,0.777,75.91348784526717
Sao Tome and Principe,2001,Developing,225.0,0,5.02,21.1,0,9.0,1.5,51.216381,141622.0,0.497,63.63461275922909
Mongolia,2013,Developing,227.0,1,0.01,5.4,1,98.0,0.1,4385.379355,286917.0,0.72,69.40498454816505
Brunei Darussalam,2015,Developing,78.0,0,0.01,41.2,0,99.0,0.1,3967.8951,286917.0,0.864,81.67008095514535
Mali,2013,Developing,275.0,53,0.01,22.5,86,7.0,1.6,777.659139,16477818.0,0.421,59.541016214482696
Luxembourg,2010,Developed,73.0,0,11.36,59.2,0,96.0,0.1,14965.361,56953.0,0.884,85.48286992931324
Armenia,2009,Developing,137.0,1,3.96,5.7,1,94.0,0.1,2993.832531,2888584.0,0.725,74.35578614690407
Fiji,2006,Developing,211.0,0,2.06,55.9,0,98.0,0.1,3749.939813,827411.0,0.695,68.88077162581394
Burundi,2011,Developing,321.0,22,4.16,16.6,33,95.0,1.5,26.479973,94358.0,0.385,57.49238070872613
Cyprus,2011,Developed,57.0,0,10.69,58.3,0,99.0,0.1,32233.83942,1124835.0,0.847,81.92830383829674
Cambodia,2000,Developing,274.0,27,1.51,12.1,36,62.0,2.1,3.685949,12152354.0,0.401,57.99845053319651
South Sudan,2007,Developing,381.0,27,1.51,12.1,43,62.0,4.2,3.685949,88568.0,0.0,52.08529184826871
Madagascar,2013,Developing,23.0,29,0.87,19.5,40,73.0,0.4,461.723722,22961146.0,0.508,65.4043871529569
Belarus,2000,Developing,247.0,1,12.98,54.4,1,99.0,0.1,1276.28834,997961.0,0.675,66.3384436619954
Comoros,2002,Developing,271.0,2,0.08,18.0,2,98.0,0.1,433.2691451,569479.0,0.0,63.96972628589421
United Republic of Tanzania,2005,Developing,449.0,97,3.94,18.1,149,91.0,10.0,433.2691451,569479.0,0.0,50.883016269292774
The former Yugoslav republic of Macedonia,2003,Developing,126.0,0,2.4,54.1,0,96.0,0.1,433.2691451,569479.0,0.0,71.91559106784793
Cyprus,2012,Developed,56.0,0,10.55,58.7,0,99.0,0.1,28951.15556,113562.0,0.85,81.43793924177874
Indonesia,2009,Developing,189.0,143,0.08,22.1,174,85.0,0.3,2254.44566,23934478.0,0.645,68.90780952919711
Denmark,2004,Developed,98.0,0,11.27,54.4,0,95.0,0.1,46511.6457,544523.0,0.893,75.73478780539412
Sierra Leone,2010,Developing,424.0,27,3.84,21.7,40,84.0,1.6,45.128418,645872.0,0.384,47.576974903179234
Somalia,2009,Developing,335.0,52,0.01,21.5,84,41.0,0.8,45.128418,645872.0,0.384,51.649802993633514
Niger,2010,Developing,252.0,50,0.12,17.3,95,75.0,0.9,348.151511,16425578.0,0.312,57.382593085132314
Kenya,2002,Developing,437.0,76,1.66,15.1,118,83.0,15.7,395.8493511,332149.0,0.451,54.01065901248561
Venezuela (Bolivarian Republic of),2008,Developing,168.0,9,8.18,58.2,10,76.0,0.1,395.8493511,332149.0,0.745,74.11205826083486
Sri Lanka,2010,Developing,138.0,3,2.31,19.8,4,99.0,0.1,2819.511161,2119.0,0.739,74.21861827205028
Central African Republic,2000,Developing,49.0,16,1.51,16.5,25,38.0,14.3,243.5429317,3754986.0,0.312,47.02882354545991
Saint Vincent and the Grenadines,2010,Developing,162.0,0,7.0,49.3,0,99.0,0.1,243.5429317,3754986.0,0.711,72.73756884367154
Sudan,2003,Developing,278.0,69,1.74,49.3,104,69.0,0.2,477.738478,29435944.0,0.409,59.766823526472244
Jordan,2005,Developing,127.0,4,0.55,57.8,4,95.0,0.1,223.83787,5714111.0,0.73,73.5560071020174
Haiti,2013,Developing,253.0,14,5.68,47.7,19,67.0,0.5,81.265673,1431776.0,0.483,64.09894864535713
Turkmenistan,2006,Developing,245.0,6,2.71,41.3,8,98.0,0.1,2136.66815,48115.0,0.0,63.489526757213106
Lao People's Democratic Republic,2012,Developing,28.0,9,0.01,19.4,12,78.0,0.3,2136.66815,48115.0,0.554,65.66251201508075
Finland,2000,Developing,15.0,0,8.59,55.5,0,96.0,0.1,24253.2542,517629.0,0.847,79.59840245788968
Guinea,2014,Developing,299.0,27,0.01,22.7,41,42.0,0.5,561.997387,118559.0,0.412,56.389312350401084
Tunisia,2007,Developing,12.0,3,1.24,53.9,4,98.0,0.1,3778.184171,129887.0,0.695,74.48125024950357
Bosnia and Herzegovina,2013,Developing,9.0,0,4.12,54.7,0,87.0,0.1,535.86555,364999.0,0.735,75.36208625665441
Comoros,2009,Developing,251.0,2,0.17,21.1,2,84.0,0.1,778.5454199,673252.0,0.465,62.90652724927258
Lithuania,2000,Developed,2.0,0,9.87,56.9,0,92.0,0.1,3297.35471,3499536.0,0.745,75.20272013987041
Zambia,2000,Developing,614.0,44,2.62,16.8,72,85.0,18.7,341.955625,1531221.0,0.418,45.369828423265105
Lao People's Democratic Republic,2005,Developing,246.0,11,3.68,14.9,16,5.0,0.2,341.955625,1531221.0,0.494,62.63014598197692
Tunisia,2011,Developing,13.0,3,1.29,57.4,3,98.0,0.1,4256.91279,1761467.0,0.714,74.65536433591357
Myanmar,2011,Developing,27.0,47,0.33,2.5,61,9.0,0.5,1186.423937,555331.0,0.526,63.97066737526671
Maldives,2002,Developing,124.0,0,1.95,16.2,0,98.0,0.1,32.37239,297.0,0.597,74.2438705693868
Pakistan,2005,Developing,2.0,364,0.04,18.9,459,78.0,0.1,711.4699463,15399667.0,0.487,64.4280039191387
Czechia,2004,Developed,116.0,0,13.24,6.8,0,96.0,0.1,711.4699463,15399667.0,0.487,77.88823911583327
United Arab Emirates,2009,Developing,84.0,1,1.73,55.1,1,94.0,0.1,3372.57517,15399667.0,0.831,76.73924023163407
Suriname,2002,Developing,221.0,0,4.41,49.0,0,74.0,1.6,2232.513244,48344.0,0.0,63.260140065774415
Croatia,2014,Developed,97.0,0,12.14,63.1,0,95.0,0.1,13467.46827,4238389.0,0.82,79.24339826677819
Iran (Islamic Republic of),2004,Developing,139.0,28,0.01,47.6,33,98.0,0.1,13467.46827,4238389.0,0.686,73.76208888415283
Malawi,2002,Developing,67.0,46,1.1,14.8,75,79.0,24.7,29.9798977,1213711.0,0.388,45.798690232726926
China,2003,Developing,13.0,391,2.96,22.6,467,87.0,0.1,1288.642924,12884.0,0.61,71.99379243132087
Mexico,2014,Developing,122.0,31,5.26,62.8,36,87.0,0.1,1452.27766,1242216.0,0.754,76.56208588230544
Antigua and Barbuda,2009,Developing,14.0,0,7.82,43.8,0,98.0,0.1,1312.46692,1242216.0,0.788,74.81578465252151
Venezuela (Bolivarian Republic of),2005,Developing,158.0,9,7.92,56.5,11,8.0,0.1,1312.46692,1242216.0,0.7,73.57249211300017
Iran (Islamic Republic of),2012,Developing,85.0,21,0.01,56.0,24,99.0,0.1,1312.46692,1242216.0,0.755,73.10759678096508
Republic of Korea,2006,Developing,79.0,2,8.83,27.7,2,98.0,0.1,1312.46692,1242216.0,0.755,78.66695483789168
Angola,2007,Developing,375.0,87,6.35,18.8,138,75.0,2.6,2878.837144,2997687.0,0.454,49.49580181235351
Somalia,2003,Developing,344.0,48,0.01,19.0,78,4.0,0.9,2878.837144,2997687.0,0.454,54.02408352744811
Nigeria,2012,Developing,374.0,505,8.54,23.5,788,42.0,4.4,2755.297787,167297284.0,0.507,53.49371630599345
Nicaragua,2010,Developing,154.0,3,3.38,5.2,3,99.0,0.1,1526.497938,5737723.0,0.614,73.33447827180592
Greece,2000,Developing,84.0,1,8.48,57.4,1,89.0,0.1,1242.95373,18588.0,0.794,78.18859521693476
Bolivia (Plurinational State of),2010,Developing,22.0,9,3.95,49.3,12,9.0,0.2,1242.95373,18588.0,0.643,69.19493161115858
Democratic Republic of the Congo,2007,Developing,299.0,236,1.52,17.8,326,72.0,1.9,1242.95373,18588.0,0.643,55.86596701188219
Kuwait,2003,Developing,93.0,0,0.03,65.5,1,99.0,0.1,2271.56961,18588.0,0.788,74.14682403697635
Papua New Guinea,2011,Developing,285.0,10,0.88,45.7,13,69.0,1.0,177.867119,7269348.0,0.494,62.15878897891826
Syrian Arab Republic,2013,Developing,37.0,7,0.01,55.2,9,5.0,0.1,177.867119,1989141.0,0.635,65.54285739661914
Guyana,2007,Developing,232.0,1,7.2,4.3,1,94.0,1.9,2327.58324,747869.0,0.62,66.1530770594487
Chad,2000,Developing,44.0,41,0.25,13.9,74,3.0,4.6,166.231785,8342559.0,0.0,49.55272400100601
Oman,2001,Developing,134.0,1,0.55,46.5,1,99.0,0.1,8476.61511,8342559.0,0.705,73.54960050520079
Niger,2009,Developing,263.0,51,0.11,16.9,99,71.0,1.1,341.2894618,15813913.0,0.307,57.696722311649445
Republic of Korea,2012,Developing,69.0,1,9.56,3.4,2,99.0,0.1,341.2894618,15813913.0,0.307,82.37664673809164
South Sudan,2009,Developing,369.0,27,9.56,3.4,42,99.0,4.2,1264.78998,967667.0,0.0,54.87798402111358
Canada,2000,Developing,82.0,2,7.6,57.8,2,88.0,0.1,24124.16917,37697.0,0.864,79.34709897655151
Cameroon,2009,Developing,373.0,54,5.89,25.4,85,79.0,6.3,123.19538,19432541.0,0.473,54.133492634284565
Thailand,2007,Developing,165.0,12,6.2,24.6,14,98.0,0.4,3972.26475,66195615.0,0.687,73.0942063549486
Tajikistan,2013,Developing,163.0,10,0.01,39.0,11,97.0,0.2,14.214412,817789.0,0.617,69.09280575348362
Estonia,2012,Developing,135.0,0,0.01,58.5,0,94.0,0.1,17421.8922,1322696.0,0.85,76.73643188758425
Romania,2014,Developed,135.0,2,0.01,59.9,2,94.0,0.1,12.27733,1998979.0,0.797,74.2518009428847
Mauritius,2005,Developing,168.0,0,3.94,28.0,0,97.0,0.1,5116.45424,1228254.0,0.704,71.64924101595913
Thailand,2014,Developing,152.0,8,6.41,32.4,10,99.0,0.1,5941.8471,68416772.0,0.737,75.00422843748292
Australia,2007,Developed,66.0,1,10.56,62.5,2,92.0,0.1,4991.98289,28276.0,0.918,82.2620644257302
Micronesia (Federated States of),2003,Developing,18.0,0,3.15,62.8,0,88.0,0.1,4991.98289,28276.0,0.612,74.44195709973562
Democratic People's Republic of Korea,2002,Developing,167.0,14,3.08,26.2,18,99.0,0.1,4991.98289,28276.0,0.612,69.49919791677377
Gabon,2009,Developing,31.0,2,8.64,33.0,3,74.0,8.0,763.66223,1586754.0,0.652,63.32923094280256
Kyrgyzstan,2002,Developing,215.0,4,3.31,36.5,5,99.0,0.1,763.66223,1586754.0,0.601,67.56131226166474
Colombia,2010,Developing,15.0,12,4.28,54.2,15,88.0,0.1,625.65544,4591897.0,0.695,75.7884230409345
Ireland,2012,Developed,69.0,0,11.49,6.5,0,95.0,0.1,49231.36254,4586897.0,0.895,84.18118677056334
Belarus,2006,Developing,243.0,1,12.6,57.2,1,97.0,0.1,3848.215966,964924.0,0.723,66.2021470883842
Bulgaria,2012,Developed,139.0,1,10.99,63.9,1,95.0,0.1,7378.25539,735888.0,0.778,74.90403571423597
Lebanon,2005,Developing,11.0,1,1.94,6.8,1,74.0,0.1,5339.441291,3986852.0,0.0,72.12938258743243
Armenia,2000,Developing,142.0,1,2.9,47.1,1,96.0,0.1,622.7427477,369588.0,0.639,73.48323495210127
Kazakhstan,2005,Developing,294.0,8,6.94,46.3,9,99.0,0.1,3771.278957,1514729.0,0.737,65.0766936745251
Barbados,2005,Developing,117.0,0,8.01,46.9,0,91.0,0.1,14223.86576,1514729.0,0.761,76.24549751600959
China,2007,Developing,96.0,285,3.88,25.7,332,94.0,0.1,2695.366223,1317885.0,0.659,75.1275848419817
Libya,2004,Developing,141.0,2,0.01,55.3,3,97.0,0.1,586.8364,1317885.0,0.747,72.87499363932909
Iraq,2013,Developing,17.0,32,0.01,57.8,39,7.0,0.1,6925.22446,33883145.0,0.659,75.17825975734391
Namibia,2002,Developing,452.0,3,5.09,25.8,4,78.0,24.6,1713.47594,1962147.0,0.556,54.01399515048367
Cameroon,2010,Developing,37.0,53,6.15,26.0,82,83.0,5.5,1182.869227,1997495.0,0.48,55.715455934074186
Libya,2015,Developing,138.0,1,6.15,64.8,2,97.0,0.1,1182.869227,1997495.0,0.719,74.56597007640121
Brazil,2001,Developing,179.0,103,7.13,44.5,118,99.0,0.1,3146.95177,1777567.0,0.685,70.30141828229283
Cuba,2002,Developing,19.0,1,4.1,51.3,1,98.0,0.1,2994.339988,1777567.0,0.692,75.83856830793839
Madagascar,2007,Developing,261.0,35,0.71,16.7,51,83.0,0.6,377.8482928,19433523.0,0.483,63.385919436797195
Indonesia,2011,Developing,185.0,134,0.08,23.8,161,81.0,0.3,3634.27685,24577511.0,0.662,69.32141839086592
Eritrea,2009,Developing,311.0,6,0.63,15.5,9,92.0,1.0,43.7544499,431334.0,0.402,60.08835459129772
Guinea-Bissau,2008,Developing,297.0,5,2.64,21.9,7,77.0,6.0,583.5445622,148841.0,0.398,57.348735838047524
Morocco,2015,Developing,95.0,17,2.64,58.5,20,99.0,0.1,2847.285569,3483322.0,0.645,73.66019128029673
Italy,2008,Developed,61.0,2,7.96,59.9,2,96.0,0.1,464.18465,58826731.0,0.866,83.83309838358936
Republic of Moldova,2000,Developing,235.0,1,9.89,46.5,2,97.0,0.1,464.18465,58826731.0,0.866,70.7638050353842
Tuvalu,2013,Developing,235.0,0,0.01,79.3,0,9.0,0.1,3542.13589,1819.0,0.866,69.41462813006889
Samoa,2011,Developing,139.0,0,2.15,72.9,0,6.0,0.1,3942.9827,187665.0,0.693,73.01117997801948
Ecuador,2014,Developing,121.0,6,3.82,53.5,7,84.0,0.1,6432.216537,1593112.0,0.737,75.46302511745351
Guinea-Bissau,2006,Developing,36.0,5,3.22,2.7,8,74.0,5.6,418.94454,1412669.0,0.388,53.84274750258282
Albania,2002,Developing,15.0,1,3.73,46.9,1,98.0,0.1,1453.642777,3511.0,0.67,73.81846982090377
Qatar,2009,Developing,79.0,0,1.11,65.6,0,98.0,0.1,61478.23813,3511.0,0.828,77.02254073264463
Guyana,2015,Developing,215.0,0,1.11,46.7,1,92.0,0.3,4136.689919,768514.0,0.638,68.60465083314817
El Salvador,2004,Developing,215.0,3,2.9,48.6,3,9.0,0.3,2632.79942,6775.0,0.636,67.178010994211
Kenya,2013,Developing,258.0,58,1.84,2.7,81,94.0,3.0,1229.114798,44826849.0,0.541,60.90826178220572
Guinea-Bissau,2012,Developing,285.0,4,0.01,24.3,6,87.0,5.3,67.7518833,1638139.0,0.416,57.475050458504214
Bahrain,2008,Developing,76.0,0,2.0,58.5,0,97.0,0.1,2367.56535,1638139.0,0.815,76.73956382034537
Ghana,2008,Developing,275.0,41,1.78,24.2,61,92.0,2.2,1224.41554,2329864.0,0.53,61.04659458928452
Bahrain,2003,Developing,85.0,0,2.16,55.2,0,97.0,0.1,14221.99259,2329864.0,0.798,75.49488776283332
Bahamas,2005,Developing,172.0,0,10.49,58.1,0,93.0,0.1,14221.99259,2329864.0,0.786,72.98210550916134
Djibouti,2003,Developing,325.0,2,1.02,29.4,2,68.0,4.2,819.974118,758615.0,0.378,57.33989970836664
Algeria,2004,Developing,14.0,19,0.45,47.9,23,86.0,0.1,2598.9823,3283196.0,0.673,73.5020747913316
Argentina,2008,Developing,126.0,10,8.41,58.6,11,94.0,0.1,8953.359275,4382389.0,0.792,75.18496783230547
Saint Lucia,2005,Developing,16.0,0,12.32,39.6,0,95.0,0.2,8953.359275,4382389.0,0.689,73.06258399549095
Egypt,2015,Developing,159.0,51,12.32,61.1,60,93.0,0.1,8953.359275,4382389.0,0.688,74.87450221936184
Benin,2005,Developing,285.0,25,1.13,2.5,39,73.0,2.1,61.799977,7982225.0,0.43,57.21232334853219
Sri Lanka,2008,Developing,172.0,4,2.1,18.5,4,98.0,0.1,254.489192,19817.0,0.731,71.09546758998984
Thailand,2010,Developing,158.0,10,5.95,27.9,12,99.0,0.2,575.32176,672888.0,0.711,72.67520343996102
Indonesia,2004,Developing,213.0,174,0.06,18.2,237,79.0,0.1,1148.56996,223614649.0,0.624,66.24065947226894
Côte d'Ivoire,2008,Developing,437.0,60,2.69,23.8,85,58.0,4.1,1148.56996,223614649.0,0.624,53.47532813473203
Italy,2014,Developed,57.0,2,7.56,63.1,2,95.0,0.1,35396.66517,678914.0,0.877,82.7380270015598
Greece,2007,Developing,8.0,0,9.67,61.8,0,99.0,0.1,28827.32636,1148473.0,0.855,79.68451074505617
Switzerland,2015,Developed,49.0,0,9.67,57.4,0,97.0,0.1,8989.8424,8282396.0,0.938,81.806077089049
Papua New Guinea,2007,Developing,295.0,11,0.71,42.7,14,72.0,1.4,956.668952,6627922.0,0.461,61.90010546847864
South Africa,2009,Developing,449.0,46,7.6,46.4,70,75.0,19.0,5888.6284,5255813.11,0.622,57.740341394985876
Azerbaijan,2010,Developing,13.0,5,1.98,48.0,6,85.0,0.1,5842.85784,954332.0,0.737,73.80947227598975
Guinea,2009,Developing,297.0,29,0.18,2.3,46,6.0,2.3,436.6895539,1556524.0,0.376,56.98503390362833
Republic of Moldova,2004,Developing,225.0,1,12.27,47.9,1,98.0,0.1,436.6895539,1556524.0,0.376,68.12130414727893
Slovakia,2005,Developed,141.0,0,10.81,53.1,0,99.0,0.1,436.6895539,1556524.0,0.784,75.39394323061492
Nigeria,2011,Developing,375.0,513,8.75,22.8,802,48.0,4.7,2527.9423,16287776.0,0.5,53.64982724936663
Portugal,2006,Developed,96.0,0,13.11,54.9,0,97.0,0.1,19821.44463,1522288.0,0.793,76.9431777592034
Romania,2010,Developed,153.0,2,9.0,56.9,2,94.0,0.1,8297.483621,2246871.0,0.797,74.51069842734333
Austria,2009,Developed,77.0,0,11.3,54.7,0,83.0,0.1,47654.18721,8343323.0,0.87,83.64447116020597
Lao People's Democratic Republic,2010,Developing,218.0,10,5.95,18.0,13,76.0,0.3,47654.18721,8343323.0,0.535,65.70150903822893
India,2006,Developing,28.0,1500,1.37,13.9,2000,66.0,0.3,792.259698,1161977719.0,0.536,64.5550189624192
Italy,2009,Developed,61.0,2,7.25,6.5,2,96.0,0.1,36976.84512,5995365.0,0.868,82.97181519164816
Tonga,2003,Developing,153.0,0,1.79,67.8,0,91.0,0.1,229.714718,99789.0,0.683,73.52016909597535
Greece,2012,Developing,76.0,0,8.2,64.9,0,99.0,0.1,22242.68193,114511.0,0.858,84.12832159480119
Jordan,2009,Developing,118.0,4,0.59,6.9,4,98.0,0.1,3492.1396,6821116.0,0.742,73.03036651314453
Chad,2010,Developing,364.0,46,0.5,17.1,80,43.0,4.1,896.5697341,1188722.0,0.36,53.041885983656236
Singapore,2003,Developed,73.0,0,1.43,29.6,0,96.0,0.1,23573.6284,1188722.0,0.819,78.05789159480494
Namibia,2004,Developing,483.0,3,4.8,27.2,4,81.0,24.0,3288.257373,29228.0,0.559,52.351076852850746
Russian Federation,2010,Developing,256.0,15,11.05,57.5,17,98.0,0.2,1674.98771,142849449.0,0.773,66.45864633041593
Rwanda,2012,Developing,239.0,13,0.01,19.5,18,98.0,0.7,678.796973,1788853.0,0.475,64.2251212051371
Equatorial Guinea,2009,Developing,34.0,3,7.97,21.7,4,57.0,7.3,1653.2937,99111.0,0.59,58.96947668980801
Cabo Verde,2003,Developing,144.0,0,4.16,23.2,0,93.0,0.9,1768.92132,46147.0,0.572,70.49108890850185
Barbados,2002,Developing,123.0,0,7.59,44.6,0,86.0,0.8,11675.39395,46147.0,0.749,70.08715315582504
Nepal,2011,Developing,172.0,22,0.27,16.9,27,92.0,0.2,692.1166842,27327147.0,0.529,68.1080618759918
Libya,2012,Developing,133.0,2,0.01,61.8,2,98.0,0.1,692.1166842,27327147.0,0.706,73.66050589587654
Maldives,2004,Developing,16.0,0,1.6,17.3,0,96.0,0.1,3853.33348,312.0,0.617,71.66129268480317
Luxembourg,2014,Developed,65.0,0,11.12,6.9,0,99.0,0.1,119172.7418,556319.0,0.892,83.08288850108097
Republic of Korea,2010,Developing,74.0,2,9.23,29.5,2,95.0,0.1,119172.7418,556319.0,0.892,84.26093796443105
Bahamas,2002,Developing,19.0,0,10.85,56.0,0,93.0,0.1,119172.7418,556319.0,0.781,73.85731417125157
Republic of Moldova,2001,Developing,228.0,1,10.98,46.8,1,98.0,0.1,119172.7418,556319.0,0.781,70.33351053342432
Indonesia,2010,Developing,187.0,138,0.08,22.9,167,82.0,0.3,3113.48635,242524123.0,0.656,68.63223643157633
India,2001,Developing,222.0,1800,1.0,11.8,2400,58.0,0.3,447.138966,171477855.0,0.494,62.99765899623928
Venezuela (Bolivarian Republic of),2012,Developing,161.0,9,6.7,6.4,10,73.0,0.1,447.138966,171477855.0,0.767,73.23012434326313
Thailand,2004,Developing,189.0,14,6.17,21.7,16,98.0,0.5,2659.83918,652231.0,0.674,72.20187446013993
Guatemala,2015,Developing,186.0,10,6.17,5.6,12,9.0,0.4,3923.573344,16252429.0,0.637,72.3358696247427
Lao People's Democratic Republic,2009,Developing,223.0,10,5.18,17.3,14,67.0,0.2,3923.573344,16252429.0,0.525,63.50069785949259
Liberia,2007,Developing,286.0,10,4.03,22.9,14,67.0,2.8,21.3733292,3512932.0,0.383,56.04138899684019
Bolivia (Plurinational State of),2005,Developing,222.0,12,2.86,46.0,16,84.0,0.2,21.3733292,3512932.0,0.622,67.61860176406114
Azerbaijan,2007,Developing,14.0,6,1.02,45.9,7,81.0,0.1,3851.437869,85813.0,0.708,73.27023988087295
Venezuela (Bolivarian Republic of),2013,Developing,159.0,9,6.71,61.0,10,82.0,0.1,3851.437869,85813.0,0.77,73.9563401774887
Maldives,2011,Developing,67.0,0,1.92,23.1,0,96.0,0.1,6497.55443,377.0,0.663,76.23928600196776
Burundi,2008,Developing,35.0,23,4.33,15.2,35,89.0,2.9,196.2472628,8212264.0,0.319,56.230855627299924
Benin,2015,Developing,249.0,25,4.33,25.7,39,78.0,1.0,783.94791,1575952.0,0.481,60.02838466090977
Belize,2001,Developing,21.0,0,4.9,41.4,0,96.0,0.4,3419.275719,254984.0,0.677,69.84833005675533
Fiji,2002,Developing,22.0,0,1.85,52.2,0,94.0,0.1,2259.55796,815691.0,0.687,69.64167099347566
Mozambique,2000,Developing,43.0,93,1.14,16.5,136,69.0,12.2,277.6486591,1867687.0,0.291,48.952220215832966
Qatar,2003,Developing,85.0,0,1.0,64.7,0,93.0,0.1,34176.98183,1867687.0,0.815,75.23437994804364
China,2002,Developing,16.0,422,2.91,21.9,511,86.0,0.1,1148.5857,1284.0,0.6,72.41930091663329
Philippines,2014,Developing,214.0,54,4.52,24.8,68,77.0,0.1,2842.938353,112249.0,0.676,67.11372691812976
Zimbabwe,2000,Developing,665.0,24,1.68,25.5,39,78.0,43.5,547.3588785,12222251.0,0.434,44.70494591178777
Mozambique,2013,Developing,46.0,62,1.16,21.8,87,78.0,5.1,65.985681,26434372.0,0.405,55.77593309451854
United Republic of Tanzania,2006,Developing,437.0,96,4.07,18.6,145,91.0,9.4,65.985681,26434372.0,0.405,52.18550240282988
Guyana,2011,Developing,229.0,0,7.56,43.2,1,93.0,0.4,3439.597513,7491.0,0.624,67.1625749624224
Timor-Leste,2011,Developing,161.0,2,0.5,15.8,3,66.0,0.1,114.56179,1131523.0,0.607,67.33944636943326
The former Yugoslav republic of Macedonia,2015,Developing,12.0,0,0.5,6.3,0,92.0,0.1,114.56179,1131523.0,0.746,74.0331387910011
Saudi Arabia,2010,Developing,94.0,8,0.09,63.9,9,98.0,0.1,19259.58726,1131523.0,0.792,73.29674630083198
Belize,2014,Developing,177.0,0,6.58,5.1,0,95.0,0.2,4852.223666,351694.0,0.705,72.22219933067615
Nicaragua,2012,Developing,157.0,2,3.63,51.7,3,99.0,0.1,1792.3845,587718.0,0.625,73.64259429133223
Austria,2004,Developed,86.0,0,12.1,52.2,0,83.0,0.1,36693.4262,8171966.0,0.841,78.70742064323635
Chile,2015,Developing,82.0,2,12.1,63.8,2,96.0,0.1,13653.2264,17762681.0,0.845,82.09277283678408
Fiji,2001,Developing,221.0,0,1.93,51.2,0,92.0,0.1,238.891729,814218.0,0.683,68.65534451976939
Uruguay,2014,Developing,117.0,0,6.03,63.4,0,95.0,0.1,16737.89827,3419546.0,0.791,76.61737155587983
Switzerland,2000,Developed,78.0,0,11.26,5.8,0,95.0,0.1,37813.23426,718425.0,0.879,79.80393786468959
Belgium,2001,Developed,1.0,1,11.01,58.5,1,96.0,0.1,23121.56635,128657.0,0.873,79.61416335058907
Equatorial Guinea,2011,Developing,344.0,3,10.99,22.6,4,39.0,7.7,21451.88617,99429.0,0.58,56.84217323197536
Germany,2010,Developed,76.0,2,11.2,59.9,3,94.0,0.1,41785.55691,8177693.0,0.907,84.21874857024113
Ethiopia,2008,Developing,289.0,177,1.13,14.9,270,63.0,2.4,325.3825543,83184892.0,0.378,60.63435199665591
Tajikistan,2014,Developing,162.0,10,0.01,39.9,11,94.0,0.2,114.45919,8362745.0,0.622,69.53272585184152
Bahamas,2007,Developing,167.0,0,10.75,59.4,0,95.0,0.1,114.45919,8362745.0,0.79,73.22448053082206
Chad,2011,Developing,365.0,46,0.56,17.5,79,4.0,3.9,989.2363633,12288651.0,0.37,53.78835357580172
United Kingdom of Great Britain and Northern Ireland,2014,Developed,71.0,3,10.37,66.0,4,95.0,0.1,989.2363633,12288651.0,0.37,81.3963572302727
Iceland,2008,Developed,58.0,0,8.49,58.1,0,98.0,0.1,55575.29196,317414.0,0.892,83.10640684108688
Kenya,2004,Developing,432.0,72,1.43,15.9,112,73.0,13.2,458.8843551,3574931.0,0.461,53.35306095985947
Bhutan,2012,Developing,223.0,0,0.01,21.9,1,97.0,0.6,2422.816,752967.0,0.581,68.83453540698964
Latvia,2011,Developed,169.0,0,10.14,59.4,0,92.0,0.1,1372.68947,25979.0,0.81,73.5581785543457
Cabo Verde,2013,Developing,12.0,0,0.01,29.7,0,93.0,0.2,3558.796314,5216.0,0.643,71.05166333882222
Côte d'Ivoire,2014,Developing,47.0,58,0.01,27.4,80,76.0,2.0,3558.796314,5216.0,0.643,55.151346361687565
Myanmar,2002,Developing,235.0,71,0.41,14.6,96,84.0,0.4,143.77651,471422.0,0.435,62.247139882570465
Mauritania,2015,Developing,25.0,8,0.41,3.8,12,67.0,0.9,1158.256469,4182341.0,0.513,63.63931306753915
Gabon,2003,Developing,32.0,2,6.47,29.8,3,44.0,11.0,4892.11618,1328146.0,0.638,60.92039050313697
Burkina Faso,2007,Developing,293.0,46,4.58,15.1,83,93.0,1.7,475.11122,1425221.0,0.334,56.25223962953389
Japan,2006,Developed,68.0,3,7.49,24.9,4,95.0,0.1,35433.98896,127854.0,0.873,82.27657262143069
Suriname,2012,Developing,178.0,0,5.73,56.3,0,84.0,0.9,9272.413453,53777.0,0.708,71.27372449513527
Austria,2008,Developed,76.0,0,12.0,54.2,0,83.0,0.1,51386.37665,8321496.0,0.864,81.98790980943068
Uzbekistan,2006,Developing,185.0,23,1.96,38.1,27,94.0,0.4,654.2838373,2648825.0,0.626,68.88114231235348
Viet Nam,2005,Developing,136.0,29,2.7,11.3,36,94.0,0.2,654.2838373,2648825.0,0.609,74.10450918734288
Oman,2013,Developing,12.0,1,0.46,52.8,1,99.0,0.1,21268.7564,2648825.0,0.796,76.06825260443789
Brazil,2000,Developing,183.0,111,7.26,43.7,127,99.0,0.1,3739.11936,175287587.0,0.677,69.75607505482046
Tonga,2006,Developing,148.0,0,1.79,7.1,0,89.0,0.1,2892.522663,11689.0,0.695,72.74486411212632
Netherlands,2007,Developed,68.0,1,9.53,57.3,1,97.0,0.1,51241.31562,16381696.0,0.899,83.1045862016938
Sao Tome and Principe,2010,Developing,24.0,0,5.58,26.9,0,98.0,0.5,1129.754961,174776.0,0.542,70.05923023201758
Yemen,2002,Developing,25.0,45,0.07,32.2,61,64.0,0.1,1129.754961,174776.0,0.45,63.725282542629245
Kyrgyzstan,2007,Developing,229.0,4,2.77,39.0,4,94.0,0.1,1129.754961,174776.0,0.618,66.78027166535006
Slovenia,2012,Developed,81.0,0,10.95,58.2,0,96.0,0.1,22486.47167,257159.0,0.877,82.0285712004004
Republic of Korea,2000,Developing,116.0,4,10.33,24.7,4,99.0,0.1,22486.47167,257159.0,0.877,76.83777415198969
Qatar,2006,Developing,83.0,0,1.28,65.0,0,95.0,0.1,6256.55926,257159.0,0.835,76.74089829290014
Guatemala,2005,Developing,28.0,14,2.35,43.8,18,87.0,0.4,277.83438,139628.0,0.567,66.67148160663747
Malaysia,2003,Developing,138.0,3,0.48,28.8,4,96.0,0.1,4463.675893,2468873.0,0.724,73.40047372149361
Estonia,2007,Developing,189.0,0,17.87,56.3,0,95.0,0.1,16586.452,13468.0,0.829,72.82344665359273
Kyrgyzstan,2003,Developing,217.0,4,3.52,37.0,4,98.0,0.1,16586.452,13468.0,0.602,67.39089039543181
Luxembourg,2006,Developed,85.0,0,11.98,57.5,0,99.0,0.1,89739.7117,472637.0,0.88,79.88692401352958
Barbados,2013,Developing,11.0,0,8.74,53.0,0,91.0,0.1,15472.7814,472637.0,0.792,76.4960256084683
Switzerland,2001,Developed,75.0,0,11.12,51.3,0,95.0,0.1,38538.64447,7229854.0,0.888,80.17729263626953
Egypt,2010,Developing,173.0,54,0.22,57.0,64,97.0,0.1,38538.64447,7229854.0,0.665,71.4640752260062
Qatar,2002,Developing,85.0,0,0.87,64.1,0,96.0,0.1,2999.65492,7229854.0,0.807,74.81145710606542
Romania,2003,Developed,174.0,4,8.78,52.9,4,97.0,0.1,2774.95586,21574326.0,0.722,73.55020638628642
Brazil,2002,Developing,176.0,95,7.0,45.3,109,99.0,0.1,2819.649531,1815121.0,0.692,70.54571148681853
Burkina Faso,2001,Developing,344.0,48,4.56,12.5,93,62.0,3.6,235.4912324,11944587.0,0.0,52.52516838194347
Bolivia (Plurinational State of),2006,Developing,219.0,11,3.23,46.7,15,82.0,0.2,235.4912324,11944587.0,0.625,66.80625552777775
Latvia,2002,Developed,219.0,0,7.44,56.0,0,98.0,0.1,4132.34927,231173.0,0.746,69.98803243278105
Pakistan,2004,Developing,183.0,364,0.01,18.4,461,65.0,0.1,649.848233,15783.0,0.474,65.5727212305444
Netherlands,2009,Developed,65.0,1,9.23,58.6,1,97.0,0.1,519.349,1653388.0,0.906,83.10225012376718
Iran (Islamic Republic of),2008,Developing,135.0,24,0.02,51.4,28,99.0,0.1,519.349,1653388.0,0.716,73.4501657403691
Djibouti,2013,Developing,256.0,1,0.53,33.8,2,82.0,2.1,1622.637974,896688.0,0.464,63.221168374716235
Honduras,2007,Developing,16.0,5,3.16,44.3,6,94.0,0.7,1592.572182,777972.0,0.59,72.78134651020149
China,2010,Developing,92.0,231,5.75,28.1,268,99.0,0.1,456.512487,133775.0,0.691,76.3475178112182
Burkina Faso,2008,Developing,288.0,45,4.5,15.6,80,92.0,1.5,569.7612784,14689726.0,0.345,56.78459243483004
Spain,2010,Developed,64.0,1,9.78,63.5,2,97.0,0.1,3736.228,46576897.0,0.86,81.89353018708997
Armenia,2003,Developing,134.0,1,3.03,48.1,1,96.0,0.1,93.1661567,31786.0,0.657,73.31121193874576
Slovenia,2000,Developed,122.0,0,11.9,51.2,0,93.0,0.1,1227.73677,1988925.0,0.818,75.66869628571766
Israel,2008,Developing,65.0,1,2.47,62.1,1,94.0,0.1,29657.4421,7388.0,0.877,81.8102421879115
Grenada,2002,Developing,176.0,0,10.71,38.8,0,98.0,0.1,5292.232379,7388.0,0.0,73.04162233244217
Slovenia,2006,Developed,17.0,0,12.26,54.7,0,97.0,0.1,19726.1265,26868.0,0.858,78.56414323503843
China,2011,Developing,91.0,215,5.63,29.0,251,99.0,0.1,5633.79616,134413.0,0.7,76.4540984149519
Bosnia and Herzegovina,2003,Developing,12.0,0,4.14,49.4,0,87.0,0.1,2214.732246,3779247.0,0.0,75.21411064719096
Ghana,2011,Developing,263.0,40,1.64,26.1,58,91.0,1.3,1574.978653,25121796.0,0.554,62.85457845410914
Grenada,2004,Developing,187.0,0,8.43,39.9,0,84.0,0.1,5836.17763,25121796.0,0.0,72.93211107783311
Timor-Leste,2015,Developing,152.0,2,8.43,17.4,2,75.0,0.1,1161.76935,124977.0,0.603,74.31360398476122
Fiji,2013,Developing,192.0,0,0.01,61.1,0,99.0,0.1,4763.68956,879715.0,0.719,70.86437780760087
Burkina Faso,2000,Developing,348.0,48,3.71,12.2,92,45.0,4.0,226.4759814,1167942.0,0.0,51.181688177253086
Comoros,2013,Developing,233.0,1,0.01,23.2,2,85.0,0.8,834.341949,7415.0,0.49,62.825356096444004
Liberia,2011,Developing,266.0,9,3.72,25.0,12,77.0,1.5,379.689583,47167.0,0.406,61.73531002048908
Congo,2011,Developing,285.0,7,3.82,25.0,10,69.0,3.5,379.689583,47167.0,0.558,64.20743909456262
Bangladesh,2008,Developing,147.0,144,0.01,14.0,186,96.0,0.1,615.7775411,14885814.0,0.52,69.74528599696103
Benin,2004,Developing,285.0,25,1.15,2.1,39,74.0,2.1,583.493514,7754.0,0.423,56.80751171554634
Belarus,2008,Developing,224.0,1,14.67,58.2,1,98.0,0.1,6376.183153,9527985.0,0.755,69.7813883425347
Japan,2013,Developed,56.0,2,7.55,28.2,3,99.0,0.1,4454.44746,127445.0,0.894,83.06381663066722
Estonia,2000,Developing,218.0,0,0.01,54.0,0,93.0,0.1,47.32827,1396985.0,0.764,70.38757705601381
Armenia,2015,Developing,118.0,1,0.01,54.9,1,96.0,0.1,369.654776,291695.0,0.741,74.88665337782967
Vanuatu,2000,Developing,18.0,0,1.21,41.1,0,67.0,0.1,1469.849149,18563.0,0.0,68.67744934878925
Comoros,2008,Developing,255.0,2,0.12,2.6,2,81.0,0.1,795.97519,657229.0,0.461,62.34099991190716
Ghana,2014,Developing,253.0,37,0.01,28.0,54,93.0,0.8,1432.227943,26962563.0,0.576,62.55180093941896
Trinidad and Tobago,2005,Developing,189.0,0,6.12,37.6,0,95.0,0.5,12323.1275,1296934.0,0.745,72.49081294764541
United States of America,2006,Developed,113.0,28,8.63,64.4,33,93.0,0.1,12323.1275,1296934.0,0.745,77.55586299298585
Switzerland,2006,Developed,65.0,0,10.24,53.7,0,94.0,0.1,57348.92788,7483934.0,0.904,82.15324413084903
Kenya,2007,Developing,356.0,66,1.97,17.3,100,76.0,9.1,839.181117,388599.0,0.494,55.8129322464395
Saint Vincent and the Grenadines,2003,Developing,184.0,0,5.1,42.9,0,99.0,0.4,839.181117,388599.0,0.682,73.15769670433002
Armenia,2007,Developing,132.0,1,3.99,49.7,1,9.0,0.1,3138.8873,293356.0,0.707,74.04146794525823
France,2003,Developing,99.0,3,13.49,56.4,4,96.0,0.1,29691.18158,62244884.0,0.852,79.0008182815847
Viet Nam,2002,Developing,137.0,30,2.03,1.0,39,92.0,0.2,29691.18158,62244884.0,0.584,74.01392941958566
Japan,2007,Developed,67.0,3,7.29,25.4,4,97.0,0.1,35275.22843,1281.0,0.877,83.17730526556255
Grenada,2010,Developing,154.0,0,7.91,43.9,0,94.0,0.1,7365.666659,1281.0,0.0,73.22131979212993
Belarus,2013,Developing,23.0,0,14.66,61.1,1,98.0,0.1,7978.825443,9465997.0,0.796,72.47872417685116
Sweden,2008,Developed,62.0,0,6.9,56.5,0,98.0,0.1,55746.84238,9219637.0,0.897,84.17605333914425
Slovenia,2009,Developed,9.0,0,10.52,56.4,0,96.0,0.1,24633.79785,239669.0,0.873,80.7089408721758
Portugal,2001,Developed,11.0,1,12.22,5.9,1,96.0,0.1,11729.14616,1362722.0,0.782,77.1623198492941
South Africa,2004,Developing,497.0,55,6.96,42.9,83,73.0,29.7,4863.51688,4717.99,0.611,53.45568989884923
Ghana,2000,Developing,38.0,43,1.6,19.5,65,88.0,3.6,263.1124679,18938762.0,0.48,56.83794771193095
Cambodia,2015,Developing,174.0,10,1.6,19.6,12,87.0,0.2,1163.18977,15517635.0,0.558,68.20225868541658
The former Yugoslav republic of Macedonia,2012,Developing,15.0,0,1.23,58.5,0,97.0,0.1,1163.18977,15517635.0,0.739,72.83242466927189
Congo,2013,Developing,274.0,7,0.01,26.2,10,85.0,3.0,1163.18977,15517635.0,0.576,64.22416924558165
Indonesia,2013,Developing,181.0,124,0.09,25.6,148,86.0,0.3,362.663981,25232263.0,0.677,70.32409341170545
Swaziland,2014,Developing,382.0,2,0.01,31.8,3,98.0,7.3,3464.35169,129597.0,0.541,59.09956758532368
Liberia,2003,Developing,42.0,13,4.21,21.1,18,49.0,3.2,133.494518,3116233.0,0.373,51.93860514406085
Trinidad and Tobago,2010,Developing,179.0,0,6.5,42.0,0,91.0,0.4,16683.94578,13281.0,0.772,71.946964965955
Barbados,2011,Developing,14.0,0,8.51,51.4,0,91.0,0.1,15534.1574,13281.0,0.78,75.59411146759727
Afghanistan,2003,Developing,295.0,87,0.01,13.4,122,41.0,0.1,198.7285436,2364851.0,0.373,56.259913243917914
France,2015,Developing,78.0,2,0.01,62.5,3,98.0,0.1,36526.7711,6662468.0,0.894,82.12846986038122
Burundi,2009,Developing,338.0,23,4.05,15.7,34,96.0,2.4,24.944652,848931.0,0.336,56.361442946863555
Serbia,2014,Developing,123.0,1,9.09,59.4,1,93.0,0.1,62.173221,713576.0,0.771,74.88930231507469
Thailand,2002,Developing,192.0,16,5.93,2.2,19,97.0,0.7,296.54617,6473164.0,0.657,70.16363526709553
Slovakia,2014,Developed,113.0,0,10.6,58.4,0,97.0,0.1,296.54617,6473164.0,0.841,78.43094534173376
Indonesia,2006,Developing,191.0,159,0.06,19.7,194,78.0,0.1,1586.254,22983822.0,0.632,66.11477752016752
Maldives,2009,Developing,75.0,0,1.59,21.2,0,98.0,0.1,597.1659,36.0,0.651,76.3247655265952
Canada,2002,Developing,79.0,2,7.7,59.3,2,88.0,0.1,24167.8431,31362.0,0.872,79.46553686610248
South Africa,2013,Developing,371.0,43,7.34,49.5,54,73.0,4.5,6876.953821,53311955.61,0.652,59.91031115378406
Netherlands,2014,Developed,58.0,1,0.01,61.6,1,96.0,0.1,52157.4687,168658.0,0.923,82.51833640108816
Switzerland,2014,Developed,51.0,0,9.61,57.0,0,96.0,0.1,85814.58857,8188649.0,0.936,82.41064679169133
The former Yugoslav republic of Macedonia,2014,Developing,12.0,0,1.13,59.7,0,96.0,0.1,85814.58857,8188649.0,0.743,74.7878061088775
Central African Republic,2009,Developing,453.0,17,1.56,19.8,25,45.0,7.3,449.961839,44423.0,0.345,49.617081254359654
The former Yugoslav republic of Macedonia,2013,Developing,14.0,0,1.03,59.1,0,98.0,0.1,449.961839,44423.0,0.741,72.91913197115899
Greece,2004,Developing,81.0,0,9.56,59.9,1,95.0,0.1,21955.149,1955141.0,0.83,79.395621279456
New Zealand,2013,Developed,69.0,0,9.18,66.4,0,92.0,0.1,42889.88141,1955141.0,0.908,83.23545537430074
Mozambique,2014,Developing,375.0,61,0.01,22.2,84,79.0,4.1,623.2871141,27212382.0,0.409,54.656634576902924
Jordan,2000,Developing,133.0,4,0.49,54.0,4,94.0,0.1,1657.889256,51313.0,0.7,72.6015998764147
Estonia,2002,Developing,211.0,0,11.48,54.6,0,94.0,0.1,538.347781,137935.0,0.791,71.89001449450052
Yemen,2004,Developing,247.0,42,0.06,33.3,56,72.0,0.1,538.347781,137935.0,0.464,62.8310277522722
Portugal,2004,Developed,99.0,0,13.45,53.3,1,95.0,0.1,1845.5881,1483861.0,0.792,76.50693782397026
Vanuatu,2011,Developing,141.0,0,0.85,49.9,0,65.0,0.1,3275.91684,241871.0,0.591,72.85451406448557
Brazil,2009,Developing,157.0,57,7.33,51.1,64,99.0,0.1,8553.3847,194895996.0,0.714,73.43680938775472
Solomon Islands,2010,Developing,188.0,0,1.1,46.4,0,94.0,0.1,1272.44825,52779.0,0.492,69.10455734620821
Paraguay,2002,Developing,168.0,4,5.66,4.6,4,87.0,0.1,1148.229882,558611.0,0.632,72.27398180898514
Belize,2012,Developing,189.0,0,6.66,48.5,0,98.0,0.1,4673.63848,33671.0,0.702,71.53064315336141
Somalia,2010,Developing,336.0,52,0.01,22.0,83,49.0,0.8,4673.63848,33671.0,0.702,53.219661099220275
Slovakia,2004,Developed,138.0,0,10.03,52.6,0,99.0,0.1,4673.63848,33671.0,0.776,74.0581376892838
Djibouti,2001,Developing,323.0,2,0.95,28.6,2,49.0,4.3,781.2322196,732711.0,0.363,56.64710667991465
United States of America,2011,Developed,16.0,25,8.67,67.5,29,94.0,0.1,781.2322196,732711.0,0.363,77.82573034124127
Slovenia,2005,Developed,14.0,0,11.14,54.1,0,95.0,0.1,18169.1891,2474.0,0.853,78.879580152822
Eritrea,2006,Developing,336.0,7,0.97,14.3,9,94.0,1.4,297.828588,466648.0,0.405,57.08621652565832
Kuwait,2004,Developing,91.0,0,0.02,65.9,1,98.0,0.1,26921.8278,466648.0,0.791,74.4631501208
Gambia,2015,Developing,262.0,3,0.02,27.3,5,96.0,1.7,26921.8278,466648.0,0.45,64.00042496305286
Trinidad and Tobago,2006,Developing,188.0,0,6.35,38.4,0,89.0,0.6,1495.96337,133144.0,0.751,71.38357200715869
Serbia,2008,Developing,132.0,1,9.54,55.8,1,95.0,0.1,671.773913,735222.0,0.749,73.82557738245796
Cabo Verde,2007,Developing,126.0,0,5.28,25.5,0,98.0,0.6,3112.285712,486438.0,0.602,74.21129564995518
Cabo Verde,2001,Developing,152.0,0,3.81,22.1,0,91.0,0.8,1268.884564,443716.0,0.562,70.59456341514883
Saint Lucia,2011,Developing,143.0,0,10.43,44.5,0,99.0,0.1,1268.884564,443716.0,0.733,74.03423024357289
Tunisia,2013,Developing,13.0,3,1.29,59.3,3,98.0,0.1,4199.47253,1114558.0,0.72,74.88142066314842
Brunei Darussalam,2002,Developing,95.0,0,0.13,28.0,0,99.0,0.1,16846.2198,1114558.0,0.82,75.50656032975712
Equatorial Guinea,2002,Developing,334.0,3,6.01,19.1,4,44.0,2.9,2711.17114,66647.0,0.542,57.71920660947147
Papua New Guinea,2003,Developing,321.0,11,0.59,39.6,14,62.0,1.4,588.3582595,61724.0,0.433,60.443323703595745
Ecuador,2011,Developing,131.0,7,3.99,51.4,8,85.0,0.1,5223.351763,15177355.0,0.71,75.09356575873399
Mongolia,2004,Developing,284.0,2,1.75,41.3,2,99.0,0.1,797.8377432,2496832.0,0.621,64.30878074758772
Poland,2003,Developed,142.0,3,9.06,54.5,3,98.0,0.1,5693.52416,382457.0,0.796,74.52651594166947
Ecuador,2003,Developing,151.0,8,3.69,45.8,10,97.0,0.3,244.46898,1328961.0,0.679,72.90459408351778
Oman,2015,Developing,99.0,1,3.69,54.6,1,99.0,0.1,16627.36433,1328961.0,0.795,77.36121843457582
Senegal,2012,Developing,2.0,20,0.28,22.7,29,83.0,0.4,136.4518,1373513.0,0.463,64.00290248482446
Kuwait,2002,Developing,94.0,0,0.01,65.0,1,99.0,0.1,17789.41981,1373513.0,0.785,74.43268648533743
Sierra Leone,2005,Developing,48.0,30,3.83,19.2,47,67.0,2.2,287.6891942,5658379.0,0.341,48.18493293968935
Saudi Arabia,2014,Developing,88.0,7,0.09,67.3,9,98.0,0.1,24575.434,5658379.0,0.841,76.28794143773253
India,2012,Developing,19.0,1100,3.1,17.0,1400,79.0,0.2,1446.98541,126365852.0,0.59,70.85603481611588
Chad,2001,Developing,4.0,42,0.3,14.1,75,26.0,4.8,197.3156442,866312.0,0.3,49.67811694611286
India,2013,Developing,187.0,1000,3.11,17.5,1300,82.0,0.2,1452.195373,127856227.0,0.599,67.61672366573958
Guinea-Bissau,2000,Developing,3.0,5,2.84,17.4,9,52.0,3.1,297.7519443,1243229.0,0.0,52.80941972536377
Mauritius,2008,Developing,166.0,0,2.49,29.7,0,99.0,0.1,83.635,1244121.0,0.728,72.43185595773693
Ghana,2015,Developing,249.0,37,2.49,28.6,52,88.0,0.7,1361.11395,27582821.0,0.575,63.39784386200522
Solomon Islands,2009,Developing,192.0,0,1.21,45.5,0,98.0,0.1,1158.282672,51679.0,0.494,68.46202588464516
Ireland,2006,Developed,78.0,0,13.44,55.8,0,91.0,0.1,54326.9713,4273591.0,0.896,81.35630117076923
Israel,2010,Developing,61.0,1,2.63,63.0,1,95.0,0.1,3661.994,76236.0,0.878,82.09173331562087
Fiji,2010,Developing,2.0,0,2.25,58.7,0,99.0,0.1,3651.966784,85995.0,0.706,73.1744839396464
Uzbekistan,2009,Developing,183.0,21,2.56,4.0,24,99.0,0.2,1213.265328,277674.0,0.651,69.54643357742202
France,2001,Developing,13.0,3,13.89,55.2,4,98.0,0.1,22527.31775,61357431.0,0.849,79.95798358485546
Kuwait,2011,Developing,85.0,1,0.02,69.0,1,99.0,0.1,48268.5912,61357431.0,0.792,74.92645093585487
Malaysia,2010,Developing,131.0,3,0.49,35.3,4,96.0,0.1,971.356987,28112289.0,0.764,73.95332263636487
Singapore,2015,Developed,55.0,0,1.79,33.2,0,96.0,0.1,53629.73746,28112289.0,0.924,82.67831591668954
Côte d'Ivoire,2012,Developing,415.0,59,3.24,26.2,82,83.0,2.9,53629.73746,28112289.0,0.924,52.40770568545537
El Salvador,2014,Developing,181.0,2,2.52,55.4,2,93.0,0.2,3988.771871,6281189.0,0.676,72.95497836985368
Belarus,2002,Developing,262.0,1,12.23,55.3,1,99.0,0.1,1479.383142,9865548.0,0.687,66.83997485751324
Luxembourg,2009,Developed,76.0,0,11.42,58.8,0,96.0,0.1,13198.6693,497783.0,0.888,82.7818980060257
Armenia,2002,Developing,134.0,1,2.86,47.8,1,96.0,0.1,783.261699,333897.0,0.645,73.66132905010706
Turkmenistan,2014,Developing,217.0,7,2.9,47.7,8,98.0,0.1,7962.365824,5466241.0,0.683,68.45298678029557
Bahamas,2012,Developing,167.0,0,9.5,62.6,0,99.0,0.2,7962.365824,5466241.0,0.789,73.08148924672585
Papua New Guinea,2000,Developing,335.0,11,0.73,37.5,14,51.0,1.1,631.9468526,5572222.0,0.418,57.31683987328151
Belgium,2003,Developed,95.0,0,11.28,59.4,1,96.0,0.1,3743.95693,1376133.0,0.878,78.93713035401177
Nicaragua,2004,Developing,194.0,4,3.81,45.7,4,8.0,0.3,191.55157,53973.0,0.587,70.50393439663306
Lesotho,2015,Developing,484.0,4,3.81,32.6,6,9.0,9.3,173.82893,2174645.0,0.495,54.858445267021736
Iran (Islamic Republic of),2013,Developing,83.0,20,0.01,57.2,23,98.0,0.1,173.82893,2174645.0,0.769,74.33434713992149
Dominican Republic,2002,Developing,189.0,7,6.43,45.1,8,74.0,2.4,38.46578,8832285.0,0.66,71.42293730048043
Liberia,2000,Developing,39.0,14,4.46,2.2,20,56.0,3.1,183.4149991,2884522.0,0.338,53.55296996906708
Singapore,2005,Developed,69.0,0,1.49,3.2,0,96.0,0.1,29869.85398,2884522.0,0.821,77.08281567564657
Serbia,2000,Developing,141.0,1,7.38,51.2,2,98.0,0.1,87.1365252,7516346.0,0.702,73.40294968960738
Israel,2009,Developing,63.0,1,2.55,62.6,1,96.0,0.1,27795.87671,74856.0,0.876,81.79636710903421
Denmark,2010,Developed,84.0,0,10.28,57.0,0,9.0,0.1,5841.41122,5547683.0,0.906,80.1285483774832
Netherlands,2013,Developed,6.0,1,8.68,61.0,1,97.0,0.1,51574.48942,1684432.0,0.922,82.11732773419115
Solomon Islands,2000,Developing,235.0,0,0.71,37.9,0,88.0,0.1,154.518572,41269.0,0.455,64.9364599354016
Kyrgyzstan,2004,Developing,218.0,4,3.41,37.5,4,98.0,0.1,154.518572,41269.0,0.609,66.44328768532787
Slovenia,2013,Developed,78.0,0,9.53,58.9,0,95.0,0.1,2315.31799,259953.0,0.878,84.2018674075653
Cabo Verde,2002,Developing,148.0,0,3.82,22.6,0,92.0,0.8,1373.515636,45216.0,0.569,70.45621481238238
Kazakhstan,2002,Developing,276.0,8,5.99,44.8,9,95.0,0.1,1658.31146,14858948.0,0.7,64.57255337380293
Azerbaijan,2002,Developing,146.0,7,0.55,43.1,9,8.0,0.1,763.73858,817195.0,0.651,70.94892440426096
Nepal,2015,Developing,165.0,17,0.55,19.1,21,9.0,0.1,743.7653489,28656282.0,0.555,68.52773213887826
Montenegro,2003,Developing,134.0,0,0.01,54.2,0,9.0,0.1,2789.1735,612267.0,0.0,70.36715327126183
Malaysia,2009,Developing,131.0,3,0.47,34.4,4,97.0,0.1,7326.744435,2765383.0,0.756,73.50049998707601
Democratic Republic of the Congo,2000,Developing,346.0,226,1.98,14.9,332,42.0,2.5,7326.744435,2765383.0,0.756,52.465441556270044
Belarus,2001,Developing,254.0,1,10.74,54.9,1,99.0,0.1,1244.373185,9928549.0,0.681,66.6101223578437
Mali,2015,Developing,266.0,52,10.74,23.8,84,66.0,1.5,729.725338,1746795.0,0.438,58.73964509129179
United Kingdom of Great Britain and Northern Ireland,2003,Developed,86.0,4,11.85,59.5,4,91.0,0.1,729.725338,1746795.0,0.438,77.32268762649595
Nicaragua,2003,Developing,198.0,4,3.77,44.9,5,86.0,0.3,115.565314,524879.0,0.583,69.81449715554693
Armenia,2011,Developing,128.0,1,4.09,51.9,1,96.0,0.1,3526.978143,2875581.0,0.729,74.68774957313579
Bolivia (Plurinational State of),2004,Developing,226.0,12,2.66,45.4,16,84.0,0.2,3526.978143,2875581.0,0.62,67.0871611451564
South Sudan,2008,Developing,377.0,27,2.66,45.4,42,84.0,4.2,1678.711862,9263136.0,0.0,54.77401076254079
Finland,2002,Developing,98.0,0,9.25,56.6,0,95.0,0.1,26834.2625,52598.0,0.863,76.62636887971573
Cyprus,2010,Developed,59.0,0,11.32,57.8,0,99.0,0.1,3818.46396,111267.0,0.853,82.2729177184188
Uruguay,2004,Developing,122.0,1,5.66,57.7,1,95.0,0.1,4117.38853,332496.0,0.75,75.1765147096069
Belize,2010,Developing,186.0,0,6.76,47.0,0,96.0,0.2,4344.15177,32168.0,0.7,71.60447003202454
United Republic of Tanzania,2009,Developing,368.0,91,3.97,2.2,135,88.0,6.4,4344.15177,32168.0,0.7,56.03465741867676
Madagascar,2008,Developing,259.0,34,0.68,17.1,49,77.0,0.5,47.733254,19996469.0,0.491,62.97857370217263
Papua New Guinea,2002,Developing,327.0,11,0.61,38.9,14,54.0,1.4,511.665773,5862316.0,0.428,60.310119823632014
Lao People's Democratic Republic,2006,Developing,24.0,11,3.69,15.5,15,56.0,0.2,511.665773,5862316.0,0.503,68.45566130727968
Bahrain,2012,Developing,71.0,0,1.7,61.5,0,99.0,0.1,23649.36661,5862316.0,0.812,76.6658145614023
Ukraine,2013,Developing,198.0,4,8.44,6.1,5,72.0,0.2,429.71554,454896.0,0.744,70.65354571221533
Sweden,2001,Developed,73.0,0,6.6,53.4,0,99.0,0.1,26969.24457,889596.0,0.877,81.29299536326583
Kenya,2003,Developing,437.0,74,1.49,15.5,115,75.0,14.5,436.6875357,3413852.0,0.45,52.972678852697385
Guinea-Bissau,2003,Developing,38.0,5,2.16,19.0,8,65.0,4.6,36.5718585,132122.0,0.0,53.377322901328306
Micronesia (Federated States of),2005,Developing,178.0,0,1.9,63.6,0,94.0,0.1,36.5718585,132122.0,0.617,68.60601447441687
Cuba,2010,Developing,98.0,1,4.13,57.7,1,99.0,0.1,5676.14143,132122.0,0.784,77.04153435476219
Cameroon,2015,Developing,357.0,45,4.13,29.0,68,83.0,3.5,1244.429421,22834522.0,0.514,54.60113630818281
Gambia,2001,Developing,3.0,3,2.25,18.5,6,85.0,2.3,1244.429421,22834522.0,0.384,55.35989456525471
Dominican Republic,2013,Developing,157.0,6,5.93,56.8,7,82.0,0.3,627.55544,1281296.0,0.709,73.13507216149061
Somalia,2011,Developing,329.0,51,0.01,22.4,82,49.0,0.8,627.55544,1281296.0,0.709,55.14185285944245
Pakistan,2012,Developing,165.0,369,0.04,23.2,456,72.0,0.1,1261.28967,177911533.0,0.529,65.13072716161197
Malawi,2007,Developing,559.0,37,1.18,16.6,59,88.0,19.3,32.2227274,1384969.0,0.387,46.5809168565813
Yemen,2009,Developing,235.0,36,0.03,36.4,46,76.0,0.1,32.2227274,1384969.0,0.483,64.10547982513003
Tajikistan,2015,Developing,161.0,10,0.03,4.7,11,96.0,0.2,918.6771543,8548651.0,0.625,69.5192915338037
Sierra Leone,2006,Developing,464.0,30,3.8,19.7,46,65.0,2.2,322.313468,5848692.0,0.348,44.98896036181681
Mozambique,2004,Developing,429.0,82,1.54,18.1,120,69.0,15.9,336.3318145,231275.0,0.332,51.12782036984262
Jamaica,2015,Developing,125.0,1,1.54,54.2,1,91.0,0.5,4965.989857,2871934.0,0.729,75.205699946701
Namibia,2000,Developing,41.0,3,5.73,24.5,4,8.0,22.8,257.99557,1899257.0,0.559,57.925077761545474
Oman,2012,Developing,14.0,1,0.51,52.3,1,99.0,0.1,22134.916,1899257.0,0.797,76.02790094777156
Spain,2003,Developed,83.0,2,12.09,59.3,2,99.0,0.1,21495.7741,42187645.0,0.83,80.01356352229725
Tonga,2004,Developing,151.0,0,1.8,68.6,0,91.0,0.1,2284.37858,146.0,0.693,72.23800946009897
Belgium,2008,Developed,87.0,0,10.47,61.3,1,99.0,0.1,48424.58927,179973.0,0.874,81.27798143112902
Montenegro,2001,Developing,136.0,0,0.01,52.7,0,99.0,0.1,199.583957,67389.0,0.0,70.1325186469369
Lesotho,2002,Developing,622.0,5,2.95,25.9,7,84.0,32.5,47.89395,192312.0,0.446,46.82863430055442
Peru,2003,Developing,152.0,15,4.5,47.4,19,95.0,0.4,218.25997,26937738.0,0.686,73.74372077243689
Slovenia,2003,Developed,119.0,0,11.58,52.9,0,95.0,0.1,1488.47154,1995733.0,0.843,76.41549263548752
Botswana,2004,Developing,652.0,2,4.9,32.2,4,96.0,28.4,4896.583835,182933.0,0.58,55.54357891484831
France,2004,Developing,94.0,3,13.18,57.0,4,99.0,0.1,33874.74255,6274897.0,0.857,79.07391274432678
Mexico,2007,Developing,123.0,38,5.35,57.9,45,98.0,0.1,933.341687,111836346.0,0.731,75.26686320168783
Sao Tome and Principe,2005,Developing,222.0,0,5.27,23.4,0,97.0,1.6,81.86157,15563.0,0.514,65.07733041519911
Croatia,2001,Developed,126.0,0,13.15,55.2,0,94.0,0.1,5245.421419,444.0,0.749,74.53140928627985
Malta,2009,Developed,63.0,0,7.38,67.1,0,73.0,0.1,2675.58259,412477.0,0.815,81.44786898635338
Denmark,2011,Developed,79.0,0,10.47,57.4,0,91.0,0.1,61753.667,557572.0,0.91,80.83619097709088
Tajikistan,2001,Developing,194.0,13,0.86,31.6,16,84.0,0.3,17.8159721,6327125.0,0.535,66.12241844509057
Switzerland,2005,Developed,66.0,0,10.15,53.2,0,94.0,0.1,54797.54663,7437115.0,0.899,81.68627813163505
Honduras,2002,Developing,169.0,6,3.09,4.4,7,95.0,1.5,1132.8721,6863157.0,0.561,70.49274962006442
Mali,2012,Developing,27.0,53,0.01,21.9,88,72.0,1.5,777.3476868,16667.0,0.411,57.54726559659214
Venezuela (Bolivarian Republic of),2001,Developing,169.0,10,8.05,54.1,12,87.0,0.1,777.3476868,16667.0,0.672,73.60377729455848
Uganda,2001,Developing,539.0,115,10.57,13.3,187,56.0,10.8,234.984775,24854892.0,0.396,47.79172068582731
Côte d'Ivoire,2002,Developing,473.0,65,3.13,2.4,93,7.0,6.9,234.984775,24854892.0,0.396,47.52563749884314
Congo,2006,Developing,368.0,8,2.25,22.3,12,73.0,5.5,234.984775,24854892.0,0.507,56.55861619002266
Uzbekistan,2002,Developing,186.0,27,1.47,35.9,32,99.0,0.2,383.3494997,2527185.0,0.6,67.42736756746845
Germany,2009,Developed,79.0,2,11.22,59.5,3,95.0,0.1,41732.7725,819237.0,0.906,81.12603168775608
Turkmenistan,2009,Developing,215.0,6,2.35,43.4,8,97.0,0.1,436.459223,5795.0,0.0,65.47839374623916
Georgia,2015,Developing,129.0,1,2.35,56.2,1,91.0,0.1,3764.64912,37171.0,0.768,74.94393073941671
Norway,2000,Developed,85.0,0,5.67,53.3,0,91.0,0.1,38146.71539,449967.0,0.911,77.46893338782587
Swaziland,2009,Developing,46.0,3,4.9,29.3,4,89.0,33.7,332.517125,118675.0,0.519,53.388454218842476
Chile,2012,Developing,84.0,2,6.76,61.8,2,9.0,0.1,15431.9293,1739746.0,0.826,81.04754529598276
Slovakia,2009,Developed,131.0,0,10.63,55.3,0,99.0,0.1,15431.9293,1739746.0,0.82,75.24162691546304
Peru,2014,Developing,125.0,8,0.01,54.9,10,78.0,0.1,6491.5245,3973354.0,0.735,74.06390556991289
Belize,2008,Developing,181.0,0,7.22,45.7,0,94.0,0.1,447.22796,36165.0,0.699,71.6781139252234
Iceland,2006,Developed,61.0,0,7.2,57.4,0,97.0,0.1,5613.54115,33782.0,0.884,82.67580371979699
Mongolia,2010,Developing,25.0,1,5.8,46.9,2,96.0,0.1,265.353659,271265.0,0.693,70.49662606612678
Brazil,2014,Developing,144.0,44,7.32,55.3,49,96.0,0.1,1226.61731,24213133.0,0.747,73.61387998720039
Barbados,2015,Developing,98.0,0,7.32,54.5,0,97.0,0.1,15557.8381,24213133.0,0.794,77.78472474202538
Sierra Leone,2002,Developing,513.0,30,4.06,17.9,48,54.0,1.7,249.939542,4957216.0,0.306,43.004331704002944
Myanmar,2005,Developing,224.0,64,0.28,16.4,87,86.0,0.5,247.24276,48482614.0,0.465,63.74263085406781
Guatemala,2000,Developing,221.0,17,2.63,4.4,21,8.0,0.2,1655.596261,1165743.0,0.539,64.83100184575402
Uruguay,2010,Developing,118.0,0,6.21,61.2,1,95.0,0.1,11938.212,3374415.0,0.777,76.03733822959474
Marshall Islands,2013,Developing,118.0,0,0.01,81.6,0,79.0,0.1,3617.752354,3374415.0,0.777,73.10243283199001
Angola,2006,Developing,381.0,90,5.84,18.2,143,36.0,2.5,262.415149,2262399.0,0.439,49.66162089477092
Mauritania,2001,Developing,229.0,7,0.01,21.7,12,75.0,1.2,464.229758,279729.0,0.444,62.87578964986676
Swaziland,2006,Developing,564.0,3,5.53,28.2,4,88.0,43.7,2937.36723,112514.0,0.502,47.288173470691525
China,2014,Developing,86.0,171,5.78,31.9,198,99.0,0.1,7683.5238,136427.0,0.723,76.83990120529069
Yemen,2011,Developing,234.0,35,0.04,37.9,45,69.0,0.1,7683.5238,136427.0,0.493,64.63615498614122
Belarus,2010,Developing,222.0,0,14.44,59.3,1,99.0,0.1,63.38877,949583.0,0.78,70.96610855406784
Seychelles,2012,Developing,174.0,0,0.01,34.8,0,98.0,0.1,12845.17363,8833.0,0.755,72.05416208862651
Madagascar,2015,Developing,22.0,28,0.01,2.5,38,71.0,0.3,41.8575951,2423488.0,0.511,63.96231209584664
Eritrea,2003,Developing,343.0,7,0.56,13.3,10,95.0,1.9,232.7945459,3738265.0,0.0,57.06882888244212
Kyrgyzstan,2012,Developing,18.0,3,0.01,42.2,4,94.0,0.1,232.7945459,3738265.0,0.638,70.24343648153133
Morocco,2001,Developing,155.0,26,0.46,45.7,30,93.0,0.1,1336.775376,29181832.0,0.53,68.67553865970343
Ukraine,2008,Developing,273.0,5,9.46,57.6,6,91.0,0.4,3891.37823,462582.0,0.73,65.34018034279508
Ecuador,2012,Developing,127.0,7,3.92,52.1,8,85.0,0.1,572.14313,15419666.0,0.717,75.14382086988596
Democratic People's Republic of Korea,2013,Developing,146.0,6,3.35,31.8,8,99.0,0.1,572.14313,15419666.0,0.717,73.0535642614173
Burundi,2007,Developing,355.0,24,4.54,14.8,36,93.0,3.4,17.79995,7939573.0,0.309,54.43318981543333
Antigua and Barbuda,2010,Developing,138.0,0,7.84,44.4,0,99.0,0.1,12126.87614,7939573.0,0.783,74.42883605097772
Denmark,2008,Developed,88.0,0,10.7,56.3,0,88.0,0.1,64322.6664,5493621.0,0.906,79.48821671384536
Eritrea,2008,Developing,322.0,6,0.49,15.1,9,94.0,1.1,326.825642,4232636.0,0.406,61.882686992403
United Kingdom of Great Britain and Northern Ireland,2002,Developed,87.0,4,11.44,58.8,4,91.0,0.1,326.825642,4232636.0,0.406,77.53645017306764
Ecuador,2007,Developing,14.0,7,3.63,48.6,9,95.0,0.2,359.71886,1425453.0,0.696,73.02061043735085
Sweden,2006,Developed,64.0,0,6.5,55.7,0,98.0,0.1,46256.4716,9855.0,0.892,82.13337004340575
Timor-Leste,2002,Developing,261.0,3,0.48,12.6,4,38.0,0.1,48.61552,923825.0,0.475,60.72007810499844
Ireland,2014,Developed,66.0,0,10.75,62.1,0,96.0,0.1,5553.32623,4617225.0,0.91,82.62011673987368
Tajikistan,2007,Developing,181.0,10,0.35,34.7,12,85.0,0.3,52.35956,7152385.0,0.586,67.00973829941321
Congo,2003,Developing,417.0,9,2.45,2.7,14,5.0,6.8,52.35956,7152385.0,0.492,53.51250384496133
Djibouti,2007,Developing,296.0,1,0.45,3.9,2,88.0,3.5,147.586896,8942.0,0.416,60.07400844884745
Somalia,2012,Developing,336.0,51,0.01,22.9,82,47.0,0.8,147.586896,8942.0,0.416,52.19786691534737
Djibouti,2004,Developing,326.0,2,1.18,29.8,2,64.0,4.0,864.184726,77752.0,0.388,57.34446868372277
Finland,2003,Developing,98.0,0,9.31,57.1,0,96.0,0.1,32816.1688,521314.0,0.866,76.93415292258287
Germany,2011,Developed,74.0,2,11.2,6.4,3,94.0,0.1,4681.32796,8274983.0,0.912,84.42514670331501
Romania,2004,Developed,165.0,4,9.82,53.4,4,97.0,0.1,3552.92452,21451748.0,0.733,72.68105454307687
Madagascar,2003,Developing,268.0,40,0.93,15.0,60,65.0,0.7,316.7998965,17279141.0,0.457,60.92207335223833
Oman,2002,Developing,13.0,1,0.54,47.3,1,99.0,0.1,8629.11774,17279141.0,0.716,75.08280681960909
Nigeria,2003,Developing,41.0,567,9.75,18.3,918,42.0,5.4,512.65719,131972533.0,0.0,50.04229335101685
Benin,2008,Developing,278.0,25,1.28,22.0,39,77.0,1.8,82.1513498,8696916.0,0.444,58.72177198771293
Equatorial Guinea,2004,Developing,336.0,3,6.28,19.8,4,48.0,4.4,685.34897,724817.0,0.553,57.21884573740596
Lao People's Democratic Republic,2015,Developing,194.0,8,6.28,21.7,11,89.0,0.2,685.34897,724817.0,0.582,69.9249435729462
The former Yugoslav republic of Macedonia,2001,Developing,126.0,0,3.27,53.2,0,91.0,0.1,685.34897,724817.0,0.0,74.64093844202031
Egypt,2006,Developing,175.0,55,0.18,54.2,66,98.0,0.1,685.34897,724817.0,0.636,68.09821330258607
Madagascar,2004,Developing,267.0,38,0.81,15.4,58,74.0,0.6,245.1235876,1782997.0,0.466,60.84311261487656
Peru,2013,Developing,125.0,8,5.38,54.2,11,71.0,0.1,6583.116248,3565716.0,0.731,75.35429004019039
Seychelles,2007,Developing,185.0,0,8.12,31.2,0,99.0,0.1,12154.82994,8533.0,0.733,71.73754852611007
Comoros,2011,Developing,241.0,2,0.12,22.1,2,85.0,0.2,829.7586885,76569.0,0.479,62.413076532343666
Equatorial Guinea,2005,Developing,337.0,3,7.19,2.2,4,5.0,4.9,185.63334,757317.0,0.563,56.34069200827629
Uruguay,2000,Developing,131.0,1,6.65,55.0,1,92.0,0.1,6871.897677,3321245.0,0.738,75.07502502179405
Zimbabwe,2014,Developing,371.0,23,6.5,31.3,34,92.0,6.3,127.47462,15411675.0,0.498,55.91405768917874
Trinidad and Tobago,2003,Developing,191.0,0,5.53,36.0,1,91.0,0.5,884.518666,128452.0,0.729,71.12837162794565
Côte d'Ivoire,2007,Developing,443.0,61,2.58,23.2,87,75.0,5.3,884.518666,128452.0,0.729,51.82923167097901
Canada,2003,Developing,78.0,2,7.7,6.0,2,88.0,0.1,28172.14883,31676.0,0.877,81.82166887450165
Antigua and Barbuda,2003,Developing,151.0,0,7.16,4.1,0,99.0,0.1,9739.82556,31676.0,0.0,74.61146367809175
Namibia,2006,Developing,431.0,3,4.94,28.7,4,74.0,19.2,3881.29535,255734.0,0.57,54.966090709924664
Croatia,2007,Developed,114.0,0,12.56,58.7,0,96.0,0.1,13546.69872,4436.0,0.793,76.1199573465646
Central African Republic,2005,Developing,511.0,17,1.5,18.2,26,47.0,11.2,327.1149461,412791.0,0.319,46.68219935520442
Kyrgyzstan,2015,Developing,166.0,3,1.5,44.9,3,97.0,0.1,327.1149461,412791.0,0.662,72.0540757932107
Lithuania,2005,Developed,222.0,0,12.3,58.4,0,93.0,0.1,7863.1629,3322528.0,0.798,71.45800363814224
Kyrgyzstan,2008,Developing,217.0,4,2.53,39.5,4,95.0,0.2,7863.1629,3322528.0,0.624,67.01726249426986
Guinea-Bissau,2005,Developing,37.0,5,3.1,2.1,8,73.0,5.4,424.9534585,138838.0,0.0,54.272680911816565
Romania,2007,Developed,154.0,3,10.6,55.0,3,96.0,0.1,8214.185378,2882982.0,0.766,73.33219847216904
Norway,2010,Developed,66.0,0,6.59,58.9,0,93.0,0.1,87646.75346,4889252.0,0.936,83.66732010722298
Sudan,2004,Developing,278.0,68,1.59,58.9,102,74.0,0.2,565.569459,3186341.0,0.415,59.31561274951605
Costa Rica,2010,Developing,16.0,1,3.58,55.5,1,93.0,0.1,8199.414621,454528.0,0.749,76.51956334371988
India,2014,Developing,184.0,957,3.07,18.1,1200,84.0,0.2,1573.11889,1293859294.0,0.607,67.74381630409734
Nigeria,2006,Developing,396.0,549,9.66,19.9,879,46.0,5.3,119.743286,14261494.0,0.466,52.9383579201533
Equatorial Guinea,2007,Developing,339.0,3,6.86,2.9,4,54.0,5.9,15761.83913,829327.0,0.587,56.31544919757376
Cameroon,2013,Developing,364.0,48,0.01,27.8,73,88.0,4.0,1365.34419,21655715.0,0.501,56.800485208934695
Norway,2007,Developed,67.0,0,6.6,57.5,0,93.0,0.1,85128.65759,479153.0,0.934,83.59155933963685
United Kingdom of Great Britain and Northern Ireland,2001,Developed,88.0,4,10.91,58.2,4,91.0,0.1,85128.65759,479153.0,0.934,78.42740214316706
Sweden,2014,Developed,54.0,0,7.3,59.0,0,98.0,0.1,5918.19898,969611.0,0.906,83.05781454973169
Saint Lucia,2007,Developing,151.0,0,12.68,41.3,0,99.0,0.1,5918.19898,969611.0,0.707,73.41176776324104
Côte d'Ivoire,2009,Developing,426.0,60,2.92,24.4,84,77.0,3.7,5918.19898,969611.0,0.707,54.48571013690951
Republic of Moldova,2011,Developing,177.0,1,9.45,5.9,1,96.0,0.1,5918.19898,969611.0,0.707,72.53584109546301
Lebanon,2011,Developing,93.0,1,1.57,64.0,1,75.0,0.1,8734.9653,4588368.0,0.758,75.4951308926056
Solomon Islands,2007,Developing,2.0,0,0.85,43.8,0,93.0,0.1,146.931125,49294.0,0.482,66.38694749335276
Bahamas,2009,Developing,168.0,0,9.29,6.7,0,97.0,0.1,146.931125,49294.0,0.791,73.52509620293179
Angola,2004,Developing,386.0,94,3.53,17.2,152,4.0,2.5,141.86844,18865716.0,0.415,49.79348070037101
Congo,2012,Developing,273.0,7,0.01,25.6,10,61.0,3.3,141.86844,18865716.0,0.557,64.10445661395401
Chad,2013,Developing,366.0,46,0.64,18.2,78,46.0,3.1,986.13177,13133589.0,0.387,52.03481141634353
Qatar,2013,Developing,7.0,0,1.2,67.7,0,99.0,0.1,8834.87958,13133589.0,0.843,79.4857898783599
Angola,2014,Developing,348.0,67,8.33,22.7,101,68.0,2.0,479.31224,2692466.0,0.527,52.45127022101016
Montenegro,2012,Developing,11.0,0,0.01,6.2,0,94.0,0.1,6586.71929,6261.0,0.797,75.19477315810241
Sweden,2010,Developed,58.0,0,7.2,57.3,0,98.0,0.1,5276.25591,9378126.0,0.895,82.61430687349069
Sri Lanka,2000,Developing,175.0,5,1.45,14.1,6,99.0,0.1,875.412178,18655.0,0.677,71.04284658906137
Angola,2015,Developing,335.0,66,1.45,23.3,98,7.0,1.9,3695.793748,2785935.0,0.531,54.96895724685348
Democratic People's Republic of Korea,2001,Developing,177.0,16,2.53,25.7,21,98.0,0.1,3695.793748,2785935.0,0.531,66.11953293192666
United Arab Emirates,2008,Developing,85.0,1,1.86,54.8,1,94.0,0.1,45758.9554,2785935.0,0.829,76.5079140017468
Indonesia,2007,Developing,19.0,154,0.06,2.5,188,77.0,0.2,1855.93915,232989141.0,0.638,69.21388503882358
Saint Vincent and the Grenadines,2005,Developing,177.0,0,6.04,44.7,0,93.0,0.2,1855.93915,232989141.0,0.692,71.08544970931557
Panama,2012,Developing,12.0,1,6.95,55.6,1,87.0,0.1,1589.82713,3772938.0,0.765,76.00982981786508
Costa Rica,2008,Developing,99.0,1,4.22,53.4,1,89.0,0.1,6911.136136,442958.0,0.74,77.017977907787
Iran (Islamic Republic of),2007,Developing,138.0,25,0.02,5.4,29,98.0,0.1,6911.136136,442958.0,0.704,72.87464509860555
Qatar,2007,Developing,83.0,0,1.24,65.1,0,97.0,0.1,675.61258,442958.0,0.83,76.83611544012564
Singapore,2008,Developed,64.0,0,1.7,31.2,0,97.0,0.1,39721.4818,442958.0,0.88,82.0477199908656
Kuwait,2012,Developing,84.0,1,0.01,69.5,1,98.0,0.1,51264.7134,442958.0,0.794,73.7937474500677
Albania,2006,Developing,99.0,1,5.31,5.8,1,97.0,0.1,35.1293,2992547.0,0.696,77.95987931487947
Paraguay,2013,Developing,148.0,3,5.03,48.6,3,8.0,0.2,4479.95858,646574.0,0.679,73.7644243298436
Rwanda,2011,Developing,247.0,14,8.34,18.9,20,93.0,1.3,617.317648,151671.0,0.464,63.792546845097014
Benin,2011,Developing,251.0,25,1.4,23.5,39,77.0,1.4,825.9427854,94682.0,0.454,59.33027778296127
Republic of Moldova,2010,Developing,219.0,1,8.25,5.4,1,97.0,0.1,825.9427854,94682.0,0.454,67.79857818085944
Malaysia,2001,Developing,144.0,4,0.53,27.0,5,95.0,0.1,3915.11546,2369897.0,0.725,72.45807449845142
Republic of Korea,2011,Developing,72.0,2,9.34,3.0,2,98.0,0.1,3915.11546,2369897.0,0.725,81.14010239644178
Brazil,2006,Developing,161.0,70,7.1,48.6,79,99.0,0.1,586.145975,18912412.0,0.698,71.4108372296886
Haiti,2002,Developing,33.0,19,6.1,35.6,26,54.0,4.8,393.16327,8834733.0,0.444,59.10587055783002
Slovenia,2004,Developed,113.0,0,10.0,53.5,0,94.0,0.1,1726.9151,199712.0,0.85,77.51258637780543
Venezuela (Bolivarian Republic of),2000,Developing,168.0,11,8.01,53.4,13,86.0,0.1,1726.9151,199712.0,0.67,73.5511456395901
Seychelles,2015,Developing,168.0,0,8.01,37.4,0,97.0,0.1,1539.464,93419.0,0.781,73.03095569908291
Iraq,2005,Developing,29.0,31,0.18,52.5,37,69.0,0.1,1849.63911,278426.0,0.628,67.75820220801587
Montenegro,2006,Developing,13.0,0,5.38,56.5,0,9.0,0.1,4383.59597,61525.0,0.751,76.62057801068502
Morocco,2011,Developing,14.0,19,0.54,54.6,22,98.0,0.1,339.91616,32858823.0,0.612,70.86033914525584
Mauritania,2007,Developing,219.0,8,0.02,25.5,12,75.0,1.3,113.3128,3312665.0,0.475,63.31620737518728
United Republic of Tanzania,2007,Developing,411.0,94,4.4,19.1,141,88.0,8.5,113.3128,3312665.0,0.475,53.636772964999736
Bhutan,2006,Developing,245.0,1,0.29,17.4,1,96.0,0.3,1335.45696,672228.0,0.0,64.98928929251085
Republic of Korea,2015,Developing,64.0,1,0.29,31.7,2,98.0,0.1,1335.45696,672228.0,0.0,70.21120474444632
Belgium,2015,Developed,74.0,0,0.29,63.7,1,99.0,0.1,4356.875,11274196.0,0.895,82.17110489951311
Haiti,2010,Developing,682.0,23,5.76,44.2,58,66.0,1.9,662.2795182,9999617.0,0.47,53.173988291612545
Colombia,2009,Developing,15.0,13,4.34,53.5,15,92.0,0.1,5148.422113,45416181.0,0.691,76.3744368808606
Montenegro,2009,Developing,117.0,0,6.45,58.5,0,91.0,0.1,6698.79439,618294.0,0.785,76.0194352206876
Ireland,2002,Developed,88.0,0,14.17,52.9,0,83.0,0.1,32539.1937,3931947.0,0.862,77.42965325138658
Kazakhstan,2000,Developing,292.0,9,6.0,43.9,10,96.0,0.1,1229.958,14883626.0,0.676,63.06358290073878
Malaysia,2015,Developing,123.0,4,6.0,4.6,4,99.0,0.1,9643.644683,3723155.0,0.787,76.26597987755113
Botswana,2001,Developing,679.0,2,5.48,3.5,4,97.0,37.2,3128.97793,1754935.0,0.56,51.546749472747
Turkey,2009,Developing,118.0,23,1.4,61.1,27,96.0,0.1,936.499911,71339185.0,0.709,75.2591850112088
Tunisia,2008,Developing,12.0,3,1.37,54.7,3,99.0,0.1,431.9326,147336.0,0.701,74.34996161817273
Botswana,2002,Developing,699.0,2,6.41,31.1,4,97.0,34.6,355.618382,1779953.0,0.558,51.866774486604754
Iraq,2014,Developing,199.0,32,0.01,58.5,39,67.0,0.1,673.74737,3568.0,0.658,69.33890956337292
Iceland,2011,Developed,51.0,0,8.13,59.3,0,95.0,0.1,46.217,31914.0,0.894,82.03361651991213
Malawi,2001,Developing,599.0,48,1.15,14.4,80,86.0,25.1,146.7615397,11695863.0,0.387,45.46481591150601
Philippines,2006,Developing,219.0,63,4.08,2.6,82,88.0,0.1,1391.772325,8789419.0,0.646,66.98249981518143
Guinea,2005,Developing,327.0,32,0.21,18.5,51,59.0,2.7,33.424498,9679745.0,0.346,55.75390223273134
Cuba,2015,Developing,92.0,1,0.21,61.4,1,99.0,0.1,762.261218,9679745.0,0.773,75.24348449590914
The former Yugoslav republic of Macedonia,2007,Developing,12.0,0,1.75,55.9,0,96.0,0.1,762.261218,9679745.0,0.709,73.60915745147176
Madagascar,2002,Developing,271.0,41,0.9,14.7,63,61.0,0.7,262.2859481,16765117.0,0.462,60.5586660081362
Sao Tome and Principe,2003,Developing,225.0,0,6.54,22.2,0,94.0,1.6,649.342153,148372.0,0.504,63.62529390696687
South Sudan,2012,Developing,347.0,26,6.54,22.2,40,64.0,3.8,958.45581,1818258.0,0.419,55.20389976514815
Georgia,2003,Developing,132.0,1,3.36,47.5,2,74.0,0.1,928.18227,431.0,0.684,73.90853815463717
Iceland,2007,Developed,59.0,0,7.53,57.8,0,97.0,0.1,68348.31817,311566.0,0.887,83.39862694322643
Grenada,2009,Developing,158.0,0,8.42,43.1,0,99.0,0.1,7395.88125,311566.0,0.0,74.20158626552282
Maldives,2005,Developing,93.0,0,1.47,18.0,0,98.0,0.1,3488.493769,321.0,0.625,72.94113342120392
Papua New Guinea,2010,Developing,286.0,10,0.79,44.9,14,72.0,1.1,1366.879112,718239.0,0.485,62.179649423684225
Chad,2005,Developing,46.0,45,0.42,15.4,79,37.0,5.2,66.2421396,1679.0,0.306,49.40917679228348
Gabon,2012,Developing,276.0,2,8.3,34.6,3,8.0,4.9,9774.18117,1756817.0,0.669,63.25232001588817
Turkey,2007,Developing,124.0,26,1.26,59.3,31,96.0,0.1,979.49246,69597281.0,0.697,74.68707951839663
Singapore,2006,Developed,66.0,0,1.55,3.5,0,95.0,0.1,33579.85948,69597281.0,0.839,80.003337954816
Paraguay,2005,Developing,163.0,3,6.38,42.8,4,96.0,0.2,157.145691,5795494.0,0.646,72.03233976811913
New Zealand,2014,Developed,67.0,0,9.07,66.9,0,93.0,0.1,4453.24673,5795494.0,0.91,81.81363657480647
Ecuador,2015,Developing,118.0,6,9.07,54.2,7,84.0,0.1,625.62224,16144368.0,0.739,75.82833043615628
Tonga,2012,Developing,138.0,0,0.01,73.8,0,79.0,0.1,451.542462,14951.0,0.717,71.98162063932794
Samoa,2007,Developing,149.0,0,3.85,7.9,0,49.0,0.1,322.543121,182286.0,0.682,73.37798257924646
Ecuador,2013,Developing,121.0,6,3.77,52.8,8,87.0,0.1,674.9829,15661547.0,0.725,75.3164518266996
South Africa,2011,Developing,413.0,43,7.38,47.9,58,69.0,8.5,849.954224,51729345.36,0.638,59.08948621443689
Montenegro,2011,Developing,113.0,0,6.56,59.7,0,95.0,0.1,7318.742449,6279.0,0.792,76.43857332719288
Niue,2013,Developing,113.0,0,0.01,77.3,0,99.0,0.1,7318.742449,6279.0,0.792,73.58653704638735
Democratic People's Republic of Korea,2006,Developing,165.0,10,3.28,28.2,12,98.0,0.1,7318.742449,6279.0,0.792,70.96892087665512
Egypt,2014,Developing,161.0,53,0.21,6.2,62,94.0,0.1,7318.742449,6279.0,0.686,72.85293455371408
Iraq,2008,Developing,167.0,32,0.17,54.5,38,71.0,0.1,4521.3247,29111417.0,0.638,71.36242618680367
Latvia,2001,Developed,228.0,0,6.68,55.7,0,97.0,0.1,3572.8513,233717.0,0.728,69.79050723508264
Australia,2004,Developed,69.0,1,9.84,6.9,1,92.0,0.1,3472.37977,21274.0,0.908,82.09266349073248
Sweden,2011,Developed,58.0,0,7.4,57.7,0,98.0,0.1,59593.28711,9449213.0,0.901,82.8369726273823
Mongolia,2003,Developing,271.0,2,1.31,4.5,2,98.0,0.1,646.561295,2469286.0,0.609,65.44453164337685
